user_id,apm,income,height,reaction_time,age,kappa_ability,weight,amount,gregariousness,favorite_pizza_topping_Not_NA,grade_Not_NA,city_Not_NA,favorite_ice_cream_flavor_Not_NA,company_Not_NA,account_verified,product_use,product_visit,churn
78389,154,100,176,353,47,6291,149,10,48,Pineapple,Z,A-town,Red Velvet,Pause Associates,0,23,91,0
79235,193,95,182,250,20,4765,-234,19,62,Ham,Y,C-borough,Red Velvet,Go LLC,7,35,44,0
78816,180,97,177,311,67,4360,145,41,57,Pineapple,Z,A-town,Strawberry,Pause Associates,0,0,81,0
78961,168,99,184,320,48,3663,148,105,43,Black olives,Z,A-town,Peach,Pause Associates,0,0,83,0
78427,207,105,999,329,35,149,146,53,58,Red peppers,X,A-town,Red Velvet,Pause Associates,0,28,20,0
78412,140,104,999,276,30,755,164,54,39,Tomato,Z,C-borough,Cookies and Cream,Pause Associates,0,11,23,1
78676,174,111,175,348,33,785,152,83,44,Pepperoni,X,A-town,Vanilla,Pause Associates,0,0,60,1
78276,164,113,178,319,60,1715,162,16,52,Sausage,X,C-borough,Cheesecake,Pause Associates,3,0,27,1
79253,201,104,182,336,38,482,153,34,50,Basil,Y,A-town,Mint,Pause Associates,2,0,53,0
79139,129,111,177,396,22,3653,157,44,45,Tomato,Z,A-town,Cheesecake,Pause Associates,0,0,6,1
78572,197,106,183,298,69,4872,144,46,40,Extra cheese,Z,A-town,Vanilla,Go LLC,0,0,24,0
78945,175,107,181,319,24,325,155,39,52,Pineapple,Z,A-town,Vanilla,Pause Associates,1,35,12,0
79226,189,102,172,331,67,1370,145,46,51,Sausage,Y,A-town,Cookies and Cream,Go LLC,0,22,33,0
79073,229,102,176,298,34,4666,153,28,55,Extra cheese,X,C-borough,Neapolitan,Go LLC,0,0,98,0
79013,202,100,179,239,34,1384,144,29,33,Spinach,Y,A-town,Coffee,Pause Associates,5,25,78,0
78301,210,102,175,321,31,269,154,2,68,Red peppers,Y,A-town,Pistachio,Pause Associates,0,0,54,0
78746,163,120,181,349,41,1259,165,32,53,Pineapple,Z,C-borough,Cheesecake,Pause Associates,0,0,3,1
78385,204,98,173,356,37,4725,148,8,41,Pineapple,Z,A-town,Red Velvet,Stop Inc,0,0,29,0
78723,173,101,181,336,21,450,150,2,65,Ham,Z,B-ville,Orange Sherbert,Go LLC,5,13,16,0
78806,170,114,170,343,54,8422,160,41,51,BBQ Sauce,Z,B-ville,Red Velvet,Pause Associates,0,0,54,1
78834,208,96,174,328,40,792,149,1,37,Sausage,Z,A-town,Mint,Go LLC,0,0,26,0
78311,169,99,181,349,28,648,151,13,32,Mushrooms,Y,A-town,Strawberry,Go LLC,0,16,17,0
78974,198,101,183,347,27,3339,151,10,48,Ham,Y,A-town,Mint,Go LLC,0,0,78,0
79065,213,97,180,341,32,135,144,50,48,Pineapple,Z,C-borough,Orange Sherbert,Pause Associates,3,0,63,0
78964,195,99,179,344,58,857,147,11,54,Oregano,Y,A-town,Red Velvet,Go LLC,0,0,26,0
79202,199,111,171,359,60,954,157,4,35,BBQ Sauce,Z,B-ville,Orange Sherbert,Pause Associates,0,0,55,1
78443,157,97,179,260,59,1136,145,8,40,Ham,Y,C-borough,Chocolate,Go LLC,0,0,53,0
79180,172,108,172,335,48,5714,166,20,38,Sausage,Z,A-town,Vanilla,Pause Associates,0,0,94,1
78533,232,101,176,278,31,815,146,5,63,Mushrooms,Y,A-town,Cookies and Cream,Go LLC,0,0,85,0
78288,180,119,179,300,20,2935,162,45,44,Pepperoni,Z,C-borough,Chocolate,Pause Associates,0,0,43,1
78411,151,109,174,341,51,166,168,24,31,BBQ Sauce,X,A-town,Black Cherry,Pause Associates,0,0,39,1
78421,180,106,181,327,57,630,149,7,49,Extra cheese,X,A-town,Orange Sherbert,Go LLC,0,0,34,0
79220,164,112,175,299,46,2167,163,96,54,Tomato,X,A-town,Red Velvet,Pause Associates,0,0,41,1
78403,189,107,173,310,22,271,147,35,48,Extra cheese,Y,A-town,Butter Pecan,Go LLC,0,0,25,0
78342,235,93,184,320,61,1137,153,27,40,Bacon,Y,C-borough,Neapolitan,Go LLC,16,36,54,0
79093,217,99,175,279,58,110,149,8,38,Ham,Z,B-ville,Orange Sherbert,Go LLC,0,0,92,0
78607,243,97,182,290,23,271,145,82,57,Pineapple,Z,C-borough,Vanilla,Pause Associates,0,0,64,0
78772,232,95,181,306,20,885,150,140,56,Sausage,Z,A-town,Strawberry,Go LLC,8,13,51,0
78781,154,99,185,283,23,711,158,0,33,Sausage,Z,A-town,Cheesecake,Pause Associates,0,0,31,1
78783,203,99,176,298,48,366,147,38,60,Red peppers,Y,A-town,Butter Pecan,Pause Associates,0,0,36,0
78364,162,98,182,334,40,781,150,8,46,Green peppers,Z,C-borough,Peach,Go LLC,0,0,84,0
78368,201,99,182,314,61,969,150,45,46,Mushrooms,Z,A-town,Neapolitan,Pause Associates,0,0,50,0
78428,227,100,180,302,64,1122,145,158,33,Salami,Z,C-borough,Butter Pecan,Pause Associates,0,0,59,0
78792,207,106,179,342,54,5855,153,17,42,Pineapple,Z,C-borough,Red Velvet,Pause Associates,0,0,70,0
78353,205,97,186,290,27,329,148,79,56,Salami,Y,C-borough,Cookies and Cream,Pause Associates,0,0,9,0
78800,200,91,177,296,39,164,149,6,55,Sausage,X,A-town,Cheesecake,Go LLC,3,0,39,0
78635,197,103,178,304,68,334,148,15,46,Ham,Y,A-town,Cookies and Cream,Go LLC,0,0,12,0
79234,248,99,181,331,58,636,152,96,55,Black olives,Y,B-ville,Mint,Go LLC,0,9,39,0
78561,143,99,176,316,27,3993,146,46,54,Red peppers,X,C-borough,Orange Sherbert,Pause Associates,0,0,4,0
78691,250,97,999,305,49,304,153,22,60,Pineapple,Y,B-ville,Vanilla,Pause Associates,0,0,8,0
78346,196,104,171,290,69,1915,142,15,49,Extra cheese,Z,C-borough,Peach,Pause Associates,0,15,47,0
78270,175,114,178,318,37,141,152,19,58,Spinach,X,A-town,Red Velvet,Pause Associates,8,0,33,1
78337,197,99,175,316,23,1251,155,2,45,Mushrooms,Z,C-borough,Vanilla,Pause Associates,0,0,34,0
78653,216,94,180,244,44,242,145,54,54,Red peppers,Z,C-borough,Red Velvet,Go LLC,0,0,82,0
78388,223,97,177,302,40,295,147,75,50,Red peppers,Z,A-town,Peach,Pause Associates,0,0,40,0
79022,163,89,178,275,39,1851,147,16,67,Ham,Z,A-town,Vanilla,Pause Associates,0,0,30,0
78489,181,106,186,291,48,152,148,13,36,Bacon,Z,C-borough,Chocolate,Pause Associates,1,2,14,0
78608,181,94,187,286,29,2992,152,5,50,Red peppers,Z,A-town,Coffee,Go LLC,1,0,28,0
79203,188,94,174,261,43,1768,151,20,43,Red peppers,Y,C-borough,Mint,Go LLC,0,0,8,0
78302,219,105,180,312,43,1605,148,71,36,Bacon,Z,A-town,Red Velvet,Pause Associates,0,0,70,0
78399,225,98,174,304,39,6813,150,1,44,Spinach,Z,A-town,Cheesecake,Pause Associates,0,0,3,0
78756,205,96,177,242,52,1196,158,65,30,Ham,Z,C-borough,Butter Pecan,Pause Associates,0,0,60,0
78616,198,105,178,350,35,3781,162,18,44,Bacon,Z,C-borough,Cookies and Cream,Pause Associates,1,0,33,1
79162,215,112,170,355,45,355,-100,11,53,Garlic,Y,C-borough,Cheesecake,Pause Associates,0,0,83,1
79260,185,109,172,284,45,219,168,44,50,Tomato,Y,A-town,Butter Pecan,Pause Associates,0,0,41,1
78429,244,100,173,331,22,2373,148,5,57,Red peppers,Y,C-borough,Red Velvet,Go LLC,0,25,21,0
78271,184,101,185,295,44,920,153,79,52,Red peppers,Z,A-town,Coffee,Pause Associates,0,19,33,0
78559,186,110,175,406,45,892,166,68,60,Black olives,Z,A-town,Chocolate,Stop Inc,0,1,3,1
79122,163,103,180,333,34,182,161,29,36,Tomato,Z,A-town,Cookies and Cream,Go LLC,2,0,85,1
79011,219,105,185,338,35,618,153,32,58,Sausage,Y,A-town,Butter Pecan,Pause Associates,4,0,20,0
78442,157,103,179,275,29,1039,150,28,37,Red peppers,Z,A-town,Orange Sherbert,Go LLC,0,0,56,0
78308,138,109,182,340,53,902,151,37,39,Pesto,X,C-borough,Cheesecake,Pause Associates,0,0,16,1
79074,200,97,176,319,60,1350,145,83,45,Tomato,Z,B-ville,Orange Sherbert,Pause Associates,0,0,67,0
78547,170,107,178,351,37,2684,156,2,46,Sausage,Z,B-ville,Pistachio,Pause Associates,19,0,69,1
78886,187,101,178,275,41,47,141,109,60,Oregano,Z,C-borough,Strawberry,Go LLC,0,0,29,0
79121,224,102,999,304,41,929,149,2,46,Ham,Z,A-town,Neapolitan,Pause Associates,0,0,13,0
79224,176,109,173,354,27,57,160,37,41,Pesto,Y,A-town,Cookies and Cream,Pause Associates,1,43,42,1
79183,200,97,175,265,53,474,149,78,24,Chicken,Z,C-borough,Vanilla,Go LLC,0,0,44,0
78841,151,117,175,319,45,3418,165,9,50,Garlic,Z,A-town,Orange Sherbert,Pause Associates,0,0,43,1
78359,172,95,185,207,31,3436,146,53,52,Chicken,Z,A-town,Strawberry,Go LLC,0,0,27,0
78569,199,113,173,344,55,1154,163,42,47,Extra cheese,Y,B-ville,Cheesecake,Pause Associates,13,0,34,1
79033,149,96,185,294,38,504,148,10,30,Ham,Y,C-borough,Neapolitan,Pause Associates,0,0,53,0
79214,188,107,175,314,54,2633,153,56,43,Spinach,Y,C-borough,Pistachio,Pause Associates,0,0,34,1
78459,158,102,178,324,40,441,146,28,45,Extra cheese,Z,A-town,Cheesecake,Stop Inc,0,20,15,0
78615,202,107,177,327,30,679,171,10,29,Tomato,Y,A-town,Orange Sherbert,Pause Associates,0,0,70,1
78666,167,106,182,381,35,2202,161,46,55,Garlic,Z,B-ville,Pistachio,Pause Associates,0,50,59,1
78737,195,98,177,278,34,1367,148,46,38,Extra cheese,Z,C-borough,Cookies and Cream,Pause Associates,0,0,7,0
78826,250,111,172,315,33,3195,147,15,56,Extra cheese,Y,A-town,Neapolitan,Stop Inc,0,8,20,0
78581,177,105,181,353,57,2691,160,57,44,Pesto,Y,A-town,Orange Sherbert,Pause Associates,0,67,72,1
78836,198,98,174,305,29,2142,154,1,51,Red peppers,Z,A-town,Strawberry,Go LLC,0,0,16,0
78817,221,100,175,294,49,1276,150,1,48,Ham,Z,A-town,Pistachio,Pause Associates,11,0,36,0
79169,220,104,178,297,25,363,143,1,47,Tomato,Z,A-town,Orange Sherbert,Pause Associates,0,0,22,0
78661,170,101,171,326,33,1936,168,117,44,Pineapple,Y,A-town,Pistachio,Pause Associates,0,0,41,1
78493,194,111,174,363,29,1466,160,8,40,Spinach,Y,C-borough,Chocolate,Go LLC,0,22,26,1
78838,195,95,179,317,60,2108,150,15,30,Bacon,Z,A-town,Butter Pecan,Pause Associates,0,0,32,0
78957,205,99,177,252,61,414,150,27,36,Spinach,Y,C-borough,Strawberry,Go LLC,1,0,57,0
78543,236,99,176,252,28,161,149,43,46,Red peppers,Z,A-town,Vanilla,Go LLC,11,0,71,0
79130,222,103,172,244,65,2107,147,83,63,Mushrooms,Z,C-borough,Butter Pecan,Go LLC,8,3,13,0
78839,190,102,183,306,50,1101,148,14,74,Basil,Y,C-borough,Vanilla,Pause Associates,3,0,30,0
78784,244,104,183,372,69,370,142,14,34,Salami,Z,A-town,Red Velvet,Pause Associates,0,1,5,0
78782,209,99,182,285,40,772,147,25,45,Red peppers,Z,A-town,Red Velvet,Go LLC,0,12,14,0
78480,162,106,176,361,65,1270,166,6,26,Ham,Z,A-town,Cheesecake,Go LLC,0,0,68,1
78396,211,102,178,297,36,3593,147,29,40,Red peppers,Y,A-town,Strawberry,Pause Associates,0,0,78,0
78570,160,99,180,276,52,170,154,17,74,Salami,Z,A-town,Vanilla,Go LLC,0,0,74,0
78315,207,116,999,329,43,425,166,47,37,Spinach,Y,A-town,Pistachio,Pause Associates,0,0,48,1
79037,152,105,171,331,64,1315,159,38,36,Pineapple,Y,C-borough,Red Velvet,Go LLC,0,0,15,1
78890,176,99,170,268,60,3060,146,55,62,Extra cheese,X,A-town,Red Velvet,Go LLC,0,0,22,0
78630,174,107,173,294,45,482,151,78,59,Pesto,Z,C-borough,Vanilla,Pause Associates,0,0,58,1
79133,155,105,178,293,63,1457,157,12,48,Black olives,Y,B-ville,Vanilla,Pause Associates,2,0,51,1
78939,274,105,171,296,67,223,146,32,53,BBQ Sauce,Z,C-borough,Mint,Go LLC,0,0,10,0
78703,267,97,176,301,51,44,144,8,41,Extra cheese,Y,A-town,Neapolitan,Go LLC,0,0,56,0
78631,177,108,170,318,56,1709,160,39,37,Spinach,Y,A-town,Chocolate,Go LLC,15,0,46,1
79236,155,105,174,341,26,170,164,18,66,Black olives,Y,A-town,Cheesecake,Go LLC,0,0,41,1
78686,178,119,173,273,49,850,163,5,46,Tomato,Z,A-town,Cookies and Cream,Pause Associates,0,0,99,1
78909,184,98,183,318,57,2405,148,19,47,Black olives,Z,A-town,Mint,Go LLC,2,0,42,0
78825,218,101,188,241,21,1016,153,7,55,BBQ Sauce,Y,A-town,Mint,Pause Associates,0,7,58,0
79154,227,109,176,304,34,180,162,2,53,Sausage,X,A-town,Vanilla,Pause Associates,0,0,60,1
78854,232,90,183,316,48,940,153,51,52,Pineapple,Z,C-borough,Neapolitan,Pause Associates,0,0,49,0
78455,162,93,168,298,56,548,152,11,58,Extra cheese,Y,C-borough,Red Velvet,Pause Associates,0,0,1,0
78320,189,105,170,342,23,555,161,8,43,Bacon,X,B-ville,Vanilla,Pause Associates,0,0,38,1
78439,199,101,999,307,52,783,150,6,28,Extra cheese,Z,C-borough,Chocolate,Go LLC,0,0,62,0
78871,221,95,178,335,37,203,152,159,57,Red peppers,Y,A-town,Orange Sherbert,Stop Inc,5,0,68,0
79032,148,95,176,296,24,800,151,6,56,Salami,Y,C-borough,Strawberry,Pause Associates,0,11,7,0
78863,180,96,173,305,23,3569,151,4,24,Sausage,Y,A-town,Red Velvet,Go LLC,1,0,23,0
79118,182,109,170,278,55,1470,167,38,42,Oregano,Z,A-town,Cookies and Cream,Pause Associates,0,2,0,1
78306,195,102,178,270,48,2453,146,9,58,Red peppers,Z,A-town,Orange Sherbert,Go LLC,0,0,36,0
79241,225,97,177,297,37,268,147,21,50,Bacon,Z,C-borough,Cookies and Cream,Pause Associates,0,0,17,0
78600,157,94,177,353,52,357,150,4,57,Chicken,Y,A-town,Vanilla,Pause Associates,0,0,94,0
78550,206,101,183,322,36,1575,148,38,54,Sausage,Y,A-town,Red Velvet,Go LLC,3,0,61,0
78678,211,97,175,290,44,1475,148,7,59,Spinach,Z,A-town,Neapolitan,Pause Associates,0,0,51,0
78777,223,97,179,334,34,1465,156,36,66,Ham,Z,C-borough,Orange Sherbert,Go LLC,0,21,44,0
78484,179,105,168,305,57,774,156,14,53,Sausage,X,C-borough,Red Velvet,Pause Associates,0,17,28,1
79140,166,103,182,247,51,3271,147,4,50,Pineapple,Z,A-town,Cookies and Cream,Stop Inc,4,0,85,0
78712,221,106,180,328,29,4282,-123,7,45,Salami,Y,A-town,Cheesecake,Stop Inc,0,6,38,0
78677,172,100,180,279,26,1999,148,24,39,Extra cheese,Y,A-town,Peach,Pause Associates,0,0,73,0
78469,272,101,181,321,21,4,149,12,59,Red peppers,Y,C-borough,Cheesecake,Pause Associates,0,0,49,0
78347,154,98,177,298,27,3139,144,10,66,Pineapple,Z,A-town,Vanilla,Go LLC,0,0,65,0
78476,276,99,181,293,38,812,149,11,57,Pineapple,Y,A-town,Strawberry,Go LLC,0,0,94,0
78851,195,94,173,326,54,994,146,37,39,Red peppers,Z,C-borough,Peach,Pause Associates,0,0,26,0
79077,194,115,174,340,63,4028,165,22,41,Oregano,X,A-town,Cheesecake,Go LLC,0,0,87,1
78880,203,97,175,268,57,1365,153,23,52,Pineapple,Y,A-town,Cookies and Cream,Pause Associates,2,0,30,0
79248,158,97,171,266,59,3346,141,3,52,Ham,Z,C-borough,Red Velvet,Go LLC,0,0,42,0
78430,143,101,179,317,35,6396,149,4,51,Tomato,Z,A-town,Cookies and Cream,Go LLC,0,0,20,0
78824,208,102,173,276,56,2167,153,45,51,Bacon,X,A-town,Butter Pecan,Pause Associates,0,0,67,0
78444,178,108,172,322,39,157,160,38,53,Oregano,Z,A-town,Cookies and Cream,Stop Inc,10,55,18,1
78905,222,97,181,339,45,1156,153,55,66,Extra cheese,Z,A-town,Vanilla,Pause Associates,0,0,99,0
79038,180,103,999,325,38,1788,145,18,47,Sausage,Z,A-town,Neapolitan,Go LLC,0,6,24,0
78879,159,101,181,218,38,2905,164,57,48,Pineapple,X,A-town,Red Velvet,Pause Associates,0,0,36,1
78805,214,97,188,368,37,1871,139,20,66,Salami,Y,A-town,Red Velvet,Go LLC,0,22,41,0
78738,163,93,180,279,52,1760,151,0,58,Red peppers,Z,C-borough,Strawberry,Pause Associates,0,17,79,0
78506,210,94,174,358,49,2285,153,2,52,Ham,Y,A-town,Strawberry,Pause Associates,12,7,0,0
78556,159,106,173,290,38,1651,157,71,45,Pineapple,X,A-town,Pistachio,Pause Associates,0,0,69,1
79057,202,107,178,328,58,215,160,8,59,BBQ Sauce,X,C-borough,Red Velvet,Pause Associates,0,0,21,1
78741,193,101,171,390,38,1170,148,23,43,Oregano,Y,B-ville,Vanilla,Pause Associates,0,10,1,0
78557,159,107,176,334,44,516,164,37,57,BBQ Sauce,X,B-ville,Cookies and Cream,Pause Associates,0,0,67,1
78807,167,106,177,310,60,495,160,0,49,Black olives,Y,A-town,Coffee,Pause Associates,0,0,116,1
78942,165,100,186,260,29,1670,147,5,42,Extra cheese,Z,A-town,Peach,Go LLC,0,0,8,0
78632,184,101,174,318,37,2090,149,70,43,BBQ Sauce,X,A-town,Peach,Go LLC,0,0,4,0
79145,261,100,183,302,40,120,157,131,58,Mushrooms,Y,B-ville,Chocolate,Go LLC,5,0,0,0
78955,202,95,174,284,21,569,149,17,50,Sausage,Z,A-town,Strawberry,Go LLC,6,0,17,0
78424,192,96,178,300,41,4177,155,6,62,Tomato,Z,A-town,Vanilla,Pause Associates,0,0,0,0
78426,229,104,174,220,29,465,154,24,33,Tomato,Z,A-town,Neapolitan,Go LLC,0,0,46,0
78335,176,94,172,313,21,655,150,159,41,Green peppers,Y,C-borough,Mint,Pause Associates,4,0,29,0
78496,170,108,175,303,30,6270,162,3,48,Pesto,Z,B-ville,Chocolate,Go LLC,0,20,43,1
78837,200,109,182,336,37,999,157,38,40,Tomato,Z,A-town,Chocolate,Pause Associates,0,0,52,1
79089,182,114,177,264,52,2797,160,22,50,Pineapple,Y,A-town,Mint,Pause Associates,0,10,0,1
79158,227,103,175,321,23,108,146,19,45,Extra cheese,Z,A-town,Butter Pecan,Go LLC,0,55,45,0
78762,162,99,178,316,27,1814,159,2,57,Sausage,Z,A-town,Orange Sherbert,Pause Associates,5,0,57,0
78386,229,95,180,297,66,2299,150,17,54,Extra cheese,Z,A-town,Chocolate,Pause Associates,0,0,39,0
79179,211,95,184,291,37,364,156,0,41,Red peppers,Z,A-town,Orange Sherbert,Go LLC,0,0,17,0
78334,169,106,999,397,19,1336,160,25,57,Mushrooms,Y,A-town,Chocolate,Pause Associates,0,0,40,1
79207,100,106,173,284,26,2339,162,37,31,Chicken,Z,A-town,Cookies and Cream,Pause Associates,0,0,61,1
78720,155,106,169,279,27,3284,149,17,58,Black olives,Z,C-borough,Orange Sherbert,Go LLC,2,0,71,0
78381,221,104,178,381,62,365,151,3,62,Sausage,Y,A-town,Peach,Go LLC,0,0,41,0
79189,203,105,171,314,29,2739,160,32,49,Black olives,Y,A-town,Cheesecake,Pause Associates,8,0,13,1
78447,144,107,179,356,48,2812,159,19,45,Pineapple,Y,A-town,Chocolate,Pause Associates,10,0,52,1
78621,183,97,182,306,29,1189,145,7,54,Pineapple,Y,A-town,Strawberry,Pause Associates,0,0,10,0
79020,156,95,172,301,63,2053,142,1,47,Spinach,Y,C-borough,Mint,Go LLC,0,0,19,0
78340,172,101,180,334,68,1181,148,40,50,Bacon,Z,A-town,Red Velvet,Pause Associates,2,0,26,0
78827,147,98,180,336,34,1420,158,18,45,Sausage,Y,C-borough,Vanilla,Go LLC,0,0,54,0
78295,184,109,180,357,21,1332,153,3,48,Sausage,Y,C-borough,Pistachio,Pause Associates,0,18,55,1
78814,137,97,178,262,22,818,152,22,50,Extra cheese,Z,C-borough,Neapolitan,Pause Associates,0,2,62448,0
79015,180,105,175,250,31,526,160,37,48,Pineapple,Y,B-ville,Orange Sherbert,Pause Associates,12,0,27,1
79097,184,105,182,287,24,610,150,26,52,Ham,Y,A-town,Peach,Go LLC,0,43,33,0
78902,257,104,181,303,46,66,151,46,54,Bacon,Y,C-borough,Red Velvet,Pause Associates,0,0,76,0
79109,170,108,174,309,31,793,156,7,43,Black olives,Y,C-borough,Vanilla,Pause Associates,4,3,3,1
78460,153,97,173,258,27,1104,148,18,35,Oregano,Z,A-town,Chocolate,Go LLC,0,25,26,0
79266,231,100,185,356,22,491,145,42,47,Extra cheese,Z,A-town,Butter Pecan,Go LLC,16,0,54,0
78901,169,98,176,296,22,5274,149,5,45,Extra cheese,Z,A-town,Orange Sherbert,Go LLC,0,0,63,0
78376,167,96,177,242,36,179,151,12,40,Ham,Z,C-borough,Vanilla,Go LLC,3,54,43,0
79066,160,104,176,285,41,651,170,3,63,Black olives,X,B-ville,Pistachio,Pause Associates,0,0,18,1
79025,175,100,182,257,56,399,146,0,42,Ham,Y,C-borough,Vanilla,Go LLC,0,0,24,0
78990,194,104,173,282,25,2012,147,15,55,Pineapple,Y,A-town,Mint,Go LLC,0,0,100,0
78987,157,107,181,284,37,895,162,37,51,Pesto,Z,C-borough,Pistachio,Pause Associates,3,0,55,1
78642,142,100,177,303,52,79,156,5,35,Red peppers,Y,A-town,Red Velvet,Pause Associates,0,0,86,0
78894,139,100,181,327,27,874,151,0,33,Garlic,Y,A-town,Coffee,Go LLC,0,0,0,0
78828,181,111,168,241,23,2353,153,16,52,Pineapple,Y,C-borough,Pistachio,Pause Associates,0,0,116,1
78799,118,101,176,273,31,261,145,5,32,Oregano,Z,C-borough,Vanilla,Pause Associates,0,15,0,0
78853,178,97,183,351,61,443,151,19,61,Bacon,Z,C-borough,Cheesecake,Pause Associates,0,3,17,0
78494,192,95,170,270,37,2386,160,0,48,Basil,Y,B-ville,Mint,Stop Inc,0,0,27,0
78623,211,99,173,262,31,1567,149,0,62,Sausage,Z,A-town,Red Velvet,Go LLC,0,0,95,0
78931,224,101,178,294,23,3242,156,3,60,Mushrooms,Y,A-town,Red Velvet,Go LLC,5,0,37,0
78840,184,111,172,283,40,24,155,21,52,Tomato,Z,A-town,Cheesecake,Pause Associates,0,48,50,1
78914,227,104,175,348,59,1724,162,15,48,Ham,Y,B-ville,Butter Pecan,Stop Inc,0,13,36,1
78637,215,108,174,300,26,467,159,25,34,Spinach,Y,B-ville,Cheesecake,Pause Associates,0,18,35,1
78558,194,104,184,324,59,477,155,39,54,Extra cheese,Z,B-ville,Peach,Pause Associates,0,0,25,0
78530,154,102,175,338,46,292,151,61,34,Red peppers,Z,C-borough,Strawberry,Go LLC,0,0,74,0
78296,193,94,171,333,61,3124,148,10,53,Pesto,Z,B-ville,Strawberry,Pause Associates,0,0,94,0
79047,198,111,173,321,48,210,143,11,48,Red peppers,Z,A-town,Coffee,Go LLC,0,19,23,0
78539,188,102,176,306,42,1974,150,25,60,Sausage,Y,C-borough,Vanilla,Go LLC,0,0,21,0
79064,196,113,175,311,59,1150,165,77,40,Tomato,Y,A-town,Red Velvet,Go LLC,4,0,51,1
78597,192,98,177,264,59,2826,153,29,54,Bacon,Z,C-borough,Orange Sherbert,Pause Associates,4,33,29,0
78729,223,98,177,266,43,366,150,6,48,Pineapple,Y,C-borough,Strawberry,Go LLC,0,0,13,0
79028,249,98,179,292,45,2849,151,62,43,Pineapple,Y,A-town,Neapolitan,Go LLC,0,0,42,0
78891,212,104,180,283,45,2358,149,40,51,Mushrooms,Z,C-borough,Orange Sherbert,Pause Associates,0,0,33,0
78540,205,109,180,377,50,196,162,38,54,Pineapple,Y,A-town,Rocky Road,Pause Associates,0,0,8,1
78436,208,96,174,290,38,1495,159,25,47,Ham,Z,C-borough,Cheesecake,Go LLC,0,21,15,0
79039,161,99,168,343,30,1690,161,1,55,Garlic,Z,A-town,Chocolate,Pause Associates,0,0,22,1
78372,198,115,176,321,41,5317,155,4,46,Pesto,Z,A-town,Pistachio,Pause Associates,0,14,27,1
79052,183,98,178,239,28,1409,-400,30,43,Mushrooms,Z,A-town,Red Velvet,Go LLC,0,0,12,0
78716,230,106,168,306,32,361,155,163,58,Salami,Z,A-town,Strawberry,Go LLC,0,32133,54,0
78307,192,105,173,317,62,1244,164,9,57,Ham,Y,C-borough,Butter Pecan,Go LLC,16,0,28,1
79125,183,100,178,287,61,717,150,3,43,Sausage,Z,A-town,Vanilla,Pause Associates,0,7,41,0
78994,170,108,179,339,37,304,167,11,35,Tomato,X,A-town,Butter Pecan,Pause Associates,0,24,19,1
78357,204,101,183,322,51,1099,150,34,54,Mushrooms,Y,A-town,Mint,Go LLC,23,0,51,0
79008,170,101,178,281,61,1405,152,29,49,Extra cheese,Z,C-borough,Chocolate,Pause Associates,0,0,4,0
79036,159,122,178,295,24,1606,168,6,51,Pineapple,Y,A-town,Neapolitan,Pause Associates,0,38,46,1
78769,217,103,176,269,63,3846,152,47,57,Pineapple,X,C-borough,Orange Sherbert,Pause Associates,12,0,61,0
79182,147,99,176,324,29,1079,142,10,33,Mushrooms,Z,A-town,Red Velvet,Go LLC,0,0,45,0
79155,154,96,189,308,32,1692,158,54,60,Salami,Y,A-town,Mint,Go LLC,0,0,28,0
78845,166,109,175,327,64,104,167,20,46,Sausage,Z,C-borough,Red Velvet,Pause Associates,2,0,7,1
79085,180,107,171,308,35,2435,155,52,46,Garlic,Z,B-ville,Vanilla,Go LLC,0,0,61,1
78954,184,100,179,278,51,490,152,28,42,Ham,Y,C-borough,Vanilla,Go LLC,0,0,28,0
78529,209,102,180,352,30,964,150,0,35,BBQ Sauce,Z,C-borough,Vanilla,Pause Associates,3,45,45,0
79267,187,106,173,297,37,3309,147,3,53,Tomato,Y,C-borough,Orange Sherbert,Pause Associates,0,0,36,0
79044,172,111,172,317,63,214,163,7,34,Pesto,Y,A-town,Cookies and Cream,Pause Associates,0,0,7,1
78791,155,112,183,313,62,2295,155,96,54,Black olives,X,A-town,Neapolitan,Pause Associates,0,1,51,1
79067,117,106,999,266,38,4109,162,27,37,Pesto,Y,B-ville,Coffee,Pause Associates,0,0,23,1
78536,168,94,177,289,50,871,144,49,45,Extra cheese,Y,A-town,Orange Sherbert,Go LLC,0,12,23,0
79251,213,95,181,279,64,131,149,30,50,Bacon,Z,A-town,Butter Pecan,Go LLC,0,1,22,0
78685,171,116,177,351,34,547,159,24,46,Pesto,X,C-borough,Coffee,Pause Associates,0,0,31,1
78509,188,102,177,318,57,2289,146,0,38,Bacon,X,A-town,Peach,Go LLC,0,0,42,0
79080,202,101,183,286,27,550,145,141,40,Red peppers,Y,C-borough,Vanilla,Go LLC,0,9,1585,0
78675,208,100,176,296,31,4205,147,10,51,Oregano,Z,A-town,Orange Sherbert,Go LLC,0,0,65,0
78316,156,107,176,244,47,1203,157,38,48,Pesto,Y,C-borough,Red Velvet,Pause Associates,0,0,92,1
78790,209,105,178,344,55,855,162,37,66,Black olives,Y,A-town,Cookies and Cream,Pause Associates,0,0,27,1
78962,185,104,178,305,26,951,157,2,46,Spinach,Y,C-borough,Cheesecake,Pause Associates,0,0,16,1
78401,174,99,173,337,49,2053,148,11,41,Ham,Z,A-town,Vanilla,Go LLC,0,0,29,0
78963,226,103,179,292,69,4581,151,6,42,Red peppers,Z,C-borough,Red Velvet,Stop Inc,18,0,34,0
79012,215,96,182,315,34,905,157,75,62,Salami,Z,C-borough,Chocolate,Go LLC,2,0,3,0
78363,194,98,167,298,46,652,149,23,57,Extra cheese,Y,A-town,Cheesecake,Go LLC,0,0,72,0
78471,210,97,175,243,29,3975,148,32,56,Red peppers,Z,C-borough,Chocolate,Go LLC,0,4,8,0
78797,168,104,173,286,61,4266,150,2,57,Bacon,Y,A-town,Red Velvet,Pause Associates,0,1,11,0
79049,205,102,179,309,62,58,140,5,51,Sausage,Z,C-borough,Cookies and Cream,Pause Associates,0,0,15,0
78410,190,102,174,268,59,1521,151,10,37,Red peppers,Z,A-town,Neapolitan,Pause Associates,0,0,28,0
79100,181,93,180,277,34,128,150,8,59,Red peppers,Z,C-borough,Chocolate,Go LLC,0,0,9,0
79229,202,112,174,275,60,225,161,5,53,BBQ Sauce,X,A-town,Cookies and Cream,Pause Associates,0,0,38,1
78760,181,97,177,310,34,1813,149,42,55,Garlic,Z,A-town,Vanilla,Pause Associates,2,0,28,0
78578,178,97,175,310,23,2042,149,18,36,Red peppers,Y,A-town,Orange Sherbert,Pause Associates,0,0,62,0
78566,178,97,180,308,22,1424,144,7,53,Red peppers,X,B-ville,Strawberry,Go LLC,0,0,27,0
78552,195,95,177,347,50,301,154,21,47,Sausage,Z,A-town,Orange Sherbert,Go LLC,1,0,16,0
78292,223,95,180,312,55,3751,146,29,64,Extra cheese,Y,A-town,Neapolitan,Pause Associates,0,0,110,0
78555,208,100,176,260,40,1666,153,12,42,Bacon,Z,A-town,Rocky Road,Pause Associates,0,0,39,0
79200,145,93,179,247,47,285,155,16,64,Pesto,Z,A-town,Red Velvet,Pause Associates,0,43,125,0
79078,203,96,177,324,24,4585,150,31,45,Bacon,Z,C-borough,Strawberry,Go LLC,0,0,4,0
79152,199,100,179,284,40,212,146,17,56,Pineapple,Y,A-town,Cheesecake,Pause Associates,0,0,49,0
78916,238,101,180,236,24,1363,153,6,43,Pesto,Y,C-borough,Chocolate,Go LLC,0,0,17,0
78983,189,117,169,281,19,158,158,4,35,Black olives,X,A-town,Cheesecake,Pause Associates,0,0,36,1
78398,196,102,170,314,63,50,144,16,58,Mushrooms,Z,C-borough,Orange Sherbert,Pause Associates,1,0,40,0
79146,188,118,182,321,28,257,155,4,45,Black olives,Z,A-town,Chocolate,Pause Associates,0,0,71,1
79101,173,103,174,277,31,1103,149,26,71,Bacon,Z,A-town,Cookies and Cream,Pause Associates,0,43,84,0
78732,176,104,172,284,69,519,146,32,32,Bacon,X,A-town,Strawberry,Go LLC,0,0,23,0
78690,210,94,180,297,64,191,156,4,48,Bacon,Z,A-town,Butter Pecan,Pause Associates,9,0,50,0
78941,174,93,180,274,22,233,147,61,61,Extra cheese,Z,C-borough,Neapolitan,Pause Associates,0,0,9,0
78544,212,102,180,305,50,283,146,37,55,Extra cheese,Y,A-town,Chocolate,Pause Associates,0,56,70,0
78449,230,98,172,330,32,332,139,6,60,Pineapple,Y,C-borough,Coffee,Pause Associates,0,0,44,0
78338,153,97,181,250,66,8,150,10,31,Extra cheese,Z,A-town,Mint,Pause Associates,1,0,72,0
78405,227,111,179,298,39,3318,157,16,52,Black olives,X,A-town,Vanilla,Go LLC,0,0,105,1
78674,163,99,183,335,58,872,150,2,67,Extra cheese,Y,A-town,Cheesecake,Go LLC,0,0,71,0
78382,176,113,171,322,49,791,161,62,45,BBQ Sauce,Y,A-town,Vanilla,Pause Associates,0,0,55,1
78923,217,117,178,292,23,1323,164,5,40,Spinach,Y,C-borough,Peach,Pause Associates,0,1,8,1
78508,134,99,177,305,67,836,150,114,55,Red peppers,Z,A-town,Red Velvet,Pause Associates,0,8,2,0
78406,136,106,181,299,28,710,151,42,68,Tomato,Y,C-borough,Neapolitan,Pause Associates,0,0,19,0
78289,199,96,178,297,61,1689,153,40,45,Spinach,Y,A-town,Mint,Go LLC,2,0,33,0
78803,195,115,181,319,45,481,164,23,55,BBQ Sauce,Y,B-ville,Cookies and Cream,Pause Associates,0,0,79,1
78654,235,94,999,310,69,323,146,97,50,Ham,Y,C-borough,Butter Pecan,Pause Associates,0,47,83191,0
78432,157,101,185,298,50,52,144,1,58,Pineapple,Y,A-town,Orange Sherbert,Go LLC,0,0,85,0
78485,187,100,177,361,47,1794,162,31,53,Black olives,Z,A-town,Cookies and Cream,Pause Associates,0,0,5,1
78511,155,100,176,251,60,853,148,18,56,Spinach,Z,A-town,Mint,Go LLC,2,0,39,0
79104,270,99,179,292,46,7734,151,13,46,Tomato,Y,C-borough,Mint,Go LLC,0,0,12,0
78948,136,106,176,320,49,2049,158,22,41,Ham,Y,A-town,Strawberry,Go LLC,0,0,13,1
78930,214,101,173,279,37,459,148,7,44,Extra cheese,Z,A-town,Coffee,Pause Associates,0,0,18,0
78819,221,99,176,324,25,682,152,53,46,Bacon,Y,A-town,Neapolitan,Pause Associates,0,0,41,0
78603,178,114,178,331,50,1282,159,11,37,Chicken,Y,A-town,Cookies and Cream,Pause Associates,0,0,24,1
79247,181,91,175,260,28,468,154,106,50,Red peppers,Z,A-town,Cheesecake,Stop Inc,0,0,82,0
78483,209,101,172,310,28,678,150,0,43,Bacon,Z,C-borough,Peach,Pause Associates,2,0,5,0
78606,213,107,174,301,22,213,666,0,52,Ham,Z,A-town,Butter Pecan,Go LLC,4,0,21,0
78993,206,101,176,321,37,346,154,21,68,Extra cheese,Y,A-town,Vanilla,Pause Associates,3,0,46,0
79059,237,100,179,295,69,4580,150,76,50,Ham,Z,A-town,Peach,Pause Associates,0,9,4,0
79096,189,100,181,312,39,2765,152,1,57,Pineapple,X,C-borough,Cheesecake,Stop Inc,0,32,17,0
79231,167,102,170,300,57,3741,147,11,50,Ham,Y,A-town,Vanilla,Go LLC,0,0,35,0
78713,214,104,177,269,21,10,143,10,43,Red peppers,Z,A-town,Butter Pecan,Pause Associates,0,0,43,0
78680,240,103,184,299,34,413,155,63,47,Sausage,Y,A-town,Cookies and Cream,Go LLC,0,0,63,0
78330,149,118,174,315,22,2276,160,3,36,Pesto,X,A-town,Cookies and Cream,Go LLC,0,0,120,1
78643,193,110,168,334,52,552,167,20,37,Pineapple,Y,A-town,Pistachio,Pause Associates,6,16,7,1
79144,142,103,177,291,66,3517,149,7,45,Sausage,Y,C-borough,Strawberry,Go LLC,0,16,14,0
78932,226,94,178,268,49,3419,145,25,64,Ham,Y,B-ville,Neapolitan,Go LLC,0,8,12,0
79205,163,113,182,290,40,255,151,27,48,BBQ Sauce,Y,A-town,Pistachio,Go LLC,0,0,60,1
79181,217,103,175,320,63,501,160,77,60,Chicken,Z,A-town,Pistachio,Pause Associates,0,24,26,1
79196,255,100,182,285,28,487,149,11,32,Pineapple,Y,A-town,Orange Sherbert,Go LLC,0,0,40,0
78486,169,109,181,359,39,1019,165,154,38,Black olives,Y,C-borough,Cookies and Cream,Pause Associates,0,0,54,1
78624,213,98,181,319,40,2094,151,37,51,Red peppers,Z,A-town,Red Velvet,Go LLC,0,0,28,0
78848,167,108,175,309,64,642,154,11,30,Black olives,X,C-borough,Chocolate,Stop Inc,0,0,92,1
79243,225,105,181,264,41,1048,156,3,45,Pesto,Z,C-borough,Red Velvet,Pause Associates,0,0,33,0
78925,172,103,178,337,37,4676,153,1,46,Red peppers,Z,A-town,Cookies and Cream,Pause Associates,0,0,83,0
78893,177,99,172,341,21,4038,155,15,35,Bacon,Z,A-town,Neapolitan,Go LLC,0,38,104,0
78644,163,110,179,342,35,682,154,70,38,Sausage,X,B-ville,Orange Sherbert,Go LLC,0,65,56,1
79042,208,100,180,351,37,20,153,40,59,Extra cheese,Y,C-borough,Strawberry,Pause Associates,0,0,7,0
78938,213,99,177,221,20,1389,152,3,44,Pineapple,Z,A-town,Cookies and Cream,Go LLC,0,0,6,0
78305,209,99,178,302,60,1014,150,45,53,Oregano,X,A-town,Neapolitan,Go LLC,1,0,16,0
78580,210,110,180,280,64,2672,141,17,57,Pineapple,Z,A-town,Orange Sherbert,Go LLC,1,0,38,0
78820,163,107,176,318,55,1155,165,1,49,Ham,Z,A-town,Vanilla,Pause Associates,0,0,60,1
78355,204,96,175,335,51,967,150,37,65,Pesto,Y,A-town,Mint,Go LLC,0,9,23,0
78327,180,108,175,286,45,70,157,27,34,Ham,Z,A-town,Strawberry,Go LLC,0,0,62,1
78745,213,102,176,308,65,1352,155,22,61,Red peppers,Z,A-town,Vanilla,Pause Associates,0,0,45,0
78669,197,98,180,318,60,6396,147,34,55,Black olives,Z,A-town,Red Velvet,Pause Associates,0,0,21,0
78323,181,107,174,302,63,1770,148,20,56,Mushrooms,Y,A-town,Vanilla,Go LLC,0,60,62,0
78512,191,100,175,274,27,230,148,52,62,Extra cheese,Y,A-town,Orange Sherbert,Go LLC,12,3,39,0
78477,188,102,179,347,59,1144,153,47,49,Pineapple,Z,A-town,Strawberry,Go LLC,0,14,22,0
78404,239,102,176,352,24,138,158,45,34,Ham,X,A-town,Cheesecake,Pause Associates,0,15,0,1
78585,170,111,175,341,34,937,162,3,55,Sausage,Y,B-ville,Cheesecake,Go LLC,0,9,37,1
78862,198,97,179,360,30,1251,140,6,66,Extra cheese,Z,C-borough,Cookies and Cream,Pause Associates,0,0,10,0
78949,208,96,176,340,64,1176,149,67,58,Pineapple,Z,C-borough,Red Velvet,Pause Associates,0,0,43,0
79086,158,113,178,297,46,2825,160,35,42,Oregano,Z,C-borough,Pistachio,Pause Associates,0,0,32,1
78431,176,105,179,298,32,3960,148,30,40,Oregano,Z,A-town,Vanilla,Go LLC,0,18,0,0
78452,239,103,178,329,45,857,150,26,41,Oregano,Y,A-town,Vanilla,Go LLC,0,0,58,0
79227,202,99,175,350,26,693,155,29,44,Red peppers,Y,C-borough,Vanilla,Go LLC,0,0,0,0
79046,199,92,179,301,22,351,160,44,48,Red peppers,Z,A-town,Cookies and Cream,Go LLC,0,0,33,0
78448,170,93,175,296,62,80,142,19,34,Ham,Z,A-town,Neapolitan,Go LLC,0,0,5,0
78700,187,96,180,291,66,376,154,20,44,Ham,Z,C-borough,Strawberry,Go LLC,0,35,3,0
78794,206,89,176,287,64,475,154,29,53,Bacon,X,C-borough,Orange Sherbert,Go LLC,0,0,74,0
78992,179,103,185,317,56,454,159,130,62,Extra cheese,Y,A-town,Cookies and Cream,Pause Associates,0,0,38,1
79108,166,112,177,295,26,213,161,6,48,Pesto,X,A-town,Red Velvet,Pause Associates,0,0,22,1
79009,184,98,171,306,48,1320,140,13,62,Pineapple,Y,A-town,Strawberry,Go LLC,0,8,33,0
78640,230,106,182,328,65,439,163,9,39,Oregano,Y,B-ville,Black Cherry,Pause Associates,0,0,39,1
78620,197,102,999,274,34,715,147,6,35,Extra cheese,Z,A-town,Chocolate,Pause Associates,0,0,62,0
78599,162,99,177,280,63,616,146,0,46,Salami,Y,C-borough,Cookies and Cream,Go LLC,0,0,86,0
78858,172,107,176,293,69,307,147,19,40,Black olives,Y,A-town,Red Velvet,Pause Associates,0,0,103,0
78843,160,105,173,280,48,1470,151,26,35,Bacon,Z,C-borough,Cheesecake,Pause Associates,0,0,20,0
79061,155,97,179,281,40,1330,151,108,48,Black olives,Y,A-town,Cookies and Cream,Go LLC,0,0,14,0
78913,191,99,175,299,38,441,154,4,82,Sausage,Y,A-town,Vanilla,Go LLC,2,2,6,0
78317,165,102,174,295,31,7649,158,16,44,Spinach,Z,A-town,Butter Pecan,Pause Associates,6,10,35,0
78766,188,106,177,304,56,5319,162,183,37,Sausage,Y,A-town,Cheesecake,Pause Associates,0,0,112,1
78989,178,110,176,316,42,303,159,37,41,Garlic,Z,A-town,Vanilla,Stop Inc,0,0,23,1
78553,176,111,175,300,51,115,161,22,51,Spinach,Y,C-borough,Red Velvet,Go LLC,0,0,46,1
78852,177,102,175,276,24,103,156,7,57,Extra cheese,Y,C-borough,Neapolitan,Pause Associates,0,0,38,0
78422,175,102,181,290,41,293,150,3,35,Sausage,Y,A-town,Red Velvet,Go LLC,0,0,52,0
78525,217,100,177,296,50,50,148,40,69,Pineapple,Z,A-town,Vanilla,Pause Associates,0,0,96,0
78899,146,99,185,289,29,2122,151,7,44,Spinach,Y,C-borough,Vanilla,Pause Associates,0,6,48,0
78609,202,98,177,305,49,478,148,1,45,Red peppers,Z,C-borough,Red Velvet,Go LLC,0,0,23,0
79208,172,114,181,293,31,455,165,56,63,Black olives,Z,B-ville,Neapolitan,Stop Inc,0,0,76,1
78808,159,111,176,312,48,744,158,36,51,Sausage,Z,C-borough,Red Velvet,Go LLC,0,8,9,1
78875,176,106,174,370,40,1845,156,43,45,BBQ Sauce,Y,A-town,Red Velvet,Go LLC,0,71,89,1
78626,212,100,180,364,56,1402,144,18,51,Pineapple,Y,A-town,Vanilla,Go LLC,0,0,58,0
78351,251,96,175,324,69,7760,145,102,38,Mushrooms,Z,C-borough,Cheesecake,Pause Associates,0,0,74,0
78933,163,107,172,280,42,101,150,7,48,Tomato,X,B-ville,Mint,Pause Associates,19,0,4,1
78562,197,106,176,278,23,1810,152,3,44,Pesto,Y,C-borough,Butter Pecan,Pause Associates,10,11,10,0
78857,160,104,183,277,62,2482,157,19,42,Sausage,Y,A-town,Cookies and Cream,Pause Associates,0,0,65,1
78328,202,102,168,278,48,2248,149,73,61,Chicken,Y,C-borough,Peach,Pause Associates,13,0,30,0
79137,230,100,182,263,56,2280,153,74,74,Sausage,Y,A-town,Cookies and Cream,Go LLC,0,5,11,0
79030,266,96,172,300,42,1150,144,18,47,Mushrooms,Z,A-town,Chocolate,Pause Associates,3,0,47,0
78937,214,95,178,240,46,445,148,31,44,Sausage,Z,B-ville,Mint,Go LLC,0,0,33,0
78268,171,104,177,295,52,3363,144,19,57,Spinach,X,C-borough,Mint,Pause Associates,2,15,3,0
79058,205,102,181,293,46,2967,147,0,42,Pineapple,Z,A-town,Coffee,Go LLC,0,36,38,0
78300,223,107,177,358,30,167,154,75,39,Extra cheese,Z,C-borough,Vanilla,Pause Associates,4,3,49,0
78461,179,115,168,262,64,4313,799,31,60,Pineapple,Z,A-town,Cheesecake,Go LLC,4,14,15,1
79197,143,109,179,279,55,503,153,3,46,Tomato,Y,A-town,Pistachio,Go LLC,0,0,114,1
78998,191,110,183,300,37,941,152,9,25,Chicken,Y,A-town,Butter Pecan,Pause Associates,0,0,70,1
79221,218,103,183,351,23,4725,164,12,37,Ham,Y,A-town,Vanilla,Pause Associates,0,44,56316,1
78969,188,108,181,368,24,3113,162,10,41,Bacon,Y,A-town,Vanilla,Pause Associates,0,0,109,1
78698,220,98,182,312,45,847,150,46,42,Red peppers,Y,C-borough,Red Velvet,Go LLC,0,0,69,0
78291,209,104,178,372,33,3379,159,8,54,Spinach,X,A-town,Cookies and Cream,Pause Associates,0,0,43,1
78907,158,90,172,287,30,823,156,1,38,Extra cheese,Z,A-town,Cheesecake,Pause Associates,0,0,34,0
78341,203,108,186,295,22,1925,157,79,28,Pesto,Y,B-ville,Neapolitan,Pause Associates,0,10,28,1
79006,139,116,170,305,39,1569,162,15,39,Pesto,Y,A-town,Vanilla,Go LLC,0,0,30,1
79090,147,111,183,330,20,2202,160,58,56,Spinach,Z,B-ville,Cookies and Cream,Pause Associates,0,0,11,1
78697,232,110,179,316,55,8065,156,18,42,Sausage,Y,B-ville,Orange Sherbert,Pause Associates,0,0,5,1
78980,256,101,171,311,37,695,142,23,59,Ham,Z,A-town,Butter Pecan,Go LLC,0,0,59,0
78272,210,100,180,311,34,1453,154,29,56,Chicken,Z,A-town,Coffee,Go LLC,0,0,54,0
78850,144,98,178,291,42,2946,154,15,32,Bacon,Y,A-town,Cookies and Cream,Pause Associates,1,13,1,0
78749,206,106,176,384,63,7271,172,12,58,Pineapple,Z,C-borough,Chocolate,Go LLC,0,0,54,1
79102,165,108,175,305,28,2456,148,20,42,Pesto,Z,A-town,Red Velvet,Pause Associates,0,0,51,0
78656,199,97,180,310,62,535,155,136,41,Tomato,Z,A-town,Orange Sherbert,Go LLC,0,0,94,0
78846,189,100,185,295,23,1903,139,25,61,Ham,Z,A-town,Vanilla,Pause Associates,0,0,35,0
78577,250,93,182,315,20,224,149,78,50,Sausage,Z,A-town,Red Velvet,Go LLC,0,0,66,0
78650,228,97,174,369,58,594,149,29,45,Mushrooms,Z,C-borough,Strawberry,Pause Associates,0,0,78,0
78927,205,106,177,319,45,1175,149,16,49,Chicken,Z,A-town,Red Velvet,Pause Associates,0,0,43,0
78594,233,110,175,309,60,2194,156,55,51,Pesto,Y,B-ville,Strawberry,Pause Associates,0,0,96,1
78753,205,113,171,379,35,2009,163,34,44,BBQ Sauce,Z,A-town,Red Velvet,Pause Associates,0,0,36,1
78710,237,103,172,246,54,754,152,1,58,Red peppers,Z,A-town,Red Velvet,Pause Associates,0,15,25,0
78393,162,95,179,293,40,524,151,4,51,Sausage,Y,A-town,Strawberry,Pause Associates,0,38,16,0
78652,194,96,175,290,57,1074,149,83,48,Chicken,Z,C-borough,Neapolitan,Pause Associates,0,0,39,0
78982,243,94,175,289,66,455,145,2,58,Pineapple,Y,C-borough,Vanilla,Pause Associates,0,0,6,0
78314,195,97,177,291,63,126,145,27,61,Ham,X,A-town,Orange Sherbert,Go LLC,1,0,52,0
78299,232,101,176,264,47,719,155,49,45,Extra cheese,Y,C-borough,Butter Pecan,Go LLC,0,0,74,0
78979,233,91,174,308,53,4728,150,3,68,Extra cheese,Z,A-town,Red Velvet,Go LLC,0,0,57,0
78892,133,103,175,244,27,6630,156,6,47,Pepperoni,Z,B-ville,Coffee,Pause Associates,0,0,18,1
78463,191,100,178,332,36,1279,147,64,62,Ham,Z,A-town,Orange Sherbert,Go LLC,0,12,31,0
78515,171,111,173,256,37,903,166,0,61,Mushrooms,Z,A-town,Orange Sherbert,Pause Associates,0,38,44,1
78520,174,113,179,344,37,3730,164,2,53,BBQ Sauce,Y,A-town,Vanilla,Stop Inc,1,7,56,1
78743,153,115,999,340,23,4342,155,6,41,Pineapple,Y,A-town,Strawberry,Stop Inc,0,0,81,1
78876,216,106,177,289,44,859,157,19,49,Sausage,X,C-borough,Strawberry,Pause Associates,0,0,7,0
78549,218,104,177,273,29,628,155,19,66,Spinach,Y,A-town,Mint,Pause Associates,0,17,1,0
78362,188,100,171,268,42,3924,153,6,53,Pineapple,Z,C-borough,Red Velvet,Go LLC,0,3,50,0
78571,211,98,179,337,41,3004,144,102,59,Extra cheese,Z,C-borough,Vanilla,Pause Associates,0,0,37,0
78821,152,111,172,330,34,154,151,50,42,BBQ Sauce,Z,B-ville,Vanilla,Go LLC,0,0,25,1
78420,224,101,180,302,24,1833,145,1,33,Ham,Z,C-borough,Cookies and Cream,Go LLC,0,0,11,0
79165,184,97,171,332,39,3129,149,20,60,Red peppers,Z,A-town,Chocolate,Go LLC,0,0,54,0
78425,202,96,171,269,30,3188,161,40,47,Spinach,Y,C-borough,Peach,Pause Associates,0,0,116,0
78709,213,96,170,329,67,283,154,2,43,Red peppers,Y,C-borough,Orange Sherbert,Go LLC,0,0,7,0
78462,222,102,171,229,42,360,151,2,63,Oregano,Z,C-borough,Vanilla,Pause Associates,0,18,9,0
78503,180,109,178,312,23,91,165,15,42,Black olives,Y,A-town,Vanilla,Pause Associates,0,22,0,1
79168,199,109,178,315,28,1348,158,11,56,Pineapple,X,C-borough,Cookies and Cream,Stop Inc,5,0,124,1
78284,188,97,181,284,42,4019,146,11,34,Black olives,X,C-borough,Cookies and Cream,Pause Associates,0,31,44682,0
78755,219,96,178,292,46,867,149,0,55,Bacon,Y,A-town,Chocolate,Go LLC,3,0,14,0
79127,184,101,179,290,41,466,147,21,50,Red peppers,Y,C-borough,Coffee,Go LLC,0,0,78,0
79071,179,99,174,302,42,890,139,2,48,Mushrooms,Y,A-town,Red Velvet,Pause Associates,0,0,35,0
79215,259,98,175,240,43,844,147,37,42,Mushrooms,Z,A-town,Orange Sherbert,Pause Associates,0,0,114,0
79149,215,111,176,296,33,502,151,4,34,Sausage,Y,A-town,Coffee,Go LLC,0,0,85,0
79187,166,110,179,276,38,591,158,101,39,Black olives,X,A-town,Vanilla,Pause Associates,0,0,50,1
78736,209,103,176,347,36,273,146,21,35,Oregano,Z,C-borough,Strawberry,Pause Associates,0,0,26,0
78645,203,100,182,292,52,527,145,37,46,Basil,Y,A-town,Red Velvet,Go LLC,0,0,80950,0
79164,160,107,176,278,44,2840,168,168,45,Sausage,X,C-borough,Mint,Pause Associates,9,3,15,1
79249,235,95,175,268,68,2142,152,15,39,Sausage,Y,A-town,Neapolitan,Pause Associates,0,0,17,0
78761,231,101,171,301,26,2771,150,18,48,Red peppers,Z,A-town,Coffee,Go LLC,0,0,28,0
79230,146,110,182,285,41,282,146,5,50,Spinach,Z,A-town,Red Velvet,Pause Associates,0,36,35,0
78391,192,103,175,313,35,1258,148,6,53,Extra cheese,Z,A-town,Peach,Go LLC,10,0,36,0
78754,218,103,174,254,63,2051,150,1,48,Sausage,Z,A-town,Strawberry,Pause Associates,0,0,46,0
78281,178,109,176,359,59,556,159,7,43,BBQ Sauce,Y,C-borough,Coffee,Pause Associates,0,0,64,1
78823,258,95,176,301,56,1984,148,55,54,Extra cheese,Y,A-town,Vanilla,Go LLC,7,0,30,0
79177,187,104,178,288,24,762,148,128,48,Bacon,Z,A-town,Red Velvet,Stop Inc,0,0,46,0
78921,198,106,180,305,26,105,456,4,33,Salami,Z,C-borough,Butter Pecan,Pause Associates,0,0,66,0
79219,193,100,184,288,64,1271,151,98,54,Ham,Y,C-borough,Cookies and Cream,Go LLC,0,0,5,0
78793,177,106,176,292,47,1151,152,34,33,Spinach,Y,C-borough,Red Velvet,Go LLC,0,0,48,1
78534,229,103,180,326,43,564,144,4,66,Ham,Z,C-borough,Cookies and Cream,Go LLC,0,0,49,0
79172,182,110,177,346,22,1988,159,32,56,Spinach,Y,A-town,Cookies and Cream,Pause Associates,0,0,58,1
78759,222,91,181,291,36,1091,150,7,51,Basil,Y,C-borough,Cookies and Cream,Pause Associates,0,0,45,0
78374,231,102,175,279,45,5565,147,0,54,Bacon,Y,A-town,Red Velvet,Pause Associates,0,7,15,0
78801,184,118,181,325,29,4333,154,126,37,Chicken,Y,A-town,Cookies and Cream,Pause Associates,0,0,61,1
79194,180,93,184,332,56,4762,143,27,44,Pineapple,Z,C-borough,Cookies and Cream,Go LLC,0,11,32,0
78595,174,99,176,288,32,181,143,47,63,Ham,Z,A-town,Cookies and Cream,Go LLC,0,0,89,0
78739,226,95,175,265,66,1893,153,9,50,Basil,Z,A-town,Strawberry,Go LLC,0,0,40,0
78521,235,102,176,327,45,132,154,36,22,Extra cheese,Y,A-town,Vanilla,Pause Associates,0,0,65,0
78898,185,115,180,310,50,9748,155,34,59,Ham,Y,A-town,Cheesecake,Go LLC,0,23,27,1
78771,218,117,174,333,23,375,158,41,38,BBQ Sauce,Z,A-town,Cookies and Cream,Stop Inc,1,0,26,1
79095,172,111,168,245,33,149,160,10,34,Sausage,Z,C-borough,Mint,Pause Associates,0,15,23,1
78522,189,100,174,276,45,1672,158,0,67,Ham,X,B-ville,Pistachio,Pause Associates,3,4,12,1
78275,168,114,173,277,55,1788,162,130,45,Spinach,Y,A-town,Cookies and Cream,Pause Associates,0,10,5,1
78397,189,101,184,237,31,344,151,7,57,Basil,Y,C-borough,Vanilla,Pause Associates,0,0,58,0
78672,219,109,175,290,52,2324,148,2,47,Extra cheese,Y,B-ville,Strawberry,Pause Associates,0,25,7,0
78789,232,99,178,273,27,78,148,70,55,Red peppers,Y,A-town,Strawberry,Go LLC,0,0,66,0
78917,235,98,180,295,35,407,151,6,39,Red peppers,Z,C-borough,Peach,Pause Associates,0,0,27,0
79069,123,113,177,259,29,1498,159,2,46,Spinach,Z,A-town,Butter Pecan,Pause Associates,0,0,54,1
79003,149,95,180,272,45,5548,152,13,47,Green peppers,Z,C-borough,Butter Pecan,Go LLC,0,0,51,0
78844,188,111,175,258,19,1996,161,8,50,Pesto,Y,A-town,Red Velvet,Pause Associates,0,0,50,1
79129,216,105,173,319,38,1267,164,7,37,Tomato,Z,A-town,Vanilla,Go LLC,0,0,12,1
78944,220,105,181,323,61,2261,149,67,48,Red peppers,Y,A-town,Peach,Go LLC,0,48,10679,0
79258,138,116,177,354,45,625,160,56,32,Garlic,X,C-borough,Red Velvet,Pause Associates,4,42,39,1
78510,150,106,169,310,62,1779,167,19,58,Ham,X,A-town,Pistachio,Go LLC,0,50,85,1
78590,206,100,184,337,38,1765,150,9,45,Salami,Z,A-town,Chocolate,Go LLC,0,0,9,0
78554,184,91,182,359,60,274,149,3,47,Red peppers,Y,A-town,Neapolitan,Go LLC,0,0,33,0
78408,149,105,175,345,33,1939,158,32,37,Basil,Y,B-ville,Cheesecake,Pause Associates,0,6,0,1
79010,199,92,170,334,49,2114,152,7,55,Oregano,Y,A-town,Orange Sherbert,Pause Associates,0,0,36,0
78441,229,96,184,314,52,1887,149,43,42,Ham,Z,A-town,Orange Sherbert,Go LLC,0,0,43,0
78451,190,106,177,323,39,1333,158,135,41,Pesto,Y,A-town,Mint,Pause Associates,0,55,56,1
78596,184,109,176,278,28,2059,162,44,44,Pineapple,Z,A-town,Coffee,Pause Associates,0,0,31,1
78627,202,97,176,320,69,3722,142,3,62,Red peppers,Y,C-borough,Strawberry,Go LLC,0,0,25,0
78517,137,102,182,298,69,516,150,11,40,Sausage,Z,C-borough,Orange Sherbert,Pause Associates,0,0,75,0
78866,202,90,179,262,25,2325,149,3,46,Sausage,Y,A-town,Cookies and Cream,Pause Associates,0,0,23,0
78911,213,115,170,330,59,28,159,13,37,BBQ Sauce,Y,A-town,Cheesecake,Pause Associates,0,0,19,1
78502,167,114,176,315,36,1070,162,28,33,Spinach,Y,A-town,Red Velvet,Pause Associates,0,0,54,1
78659,184,99,173,284,38,1299,151,32,50,Green peppers,Z,A-town,Red Velvet,Go LLC,0,23,77,0
78924,152,100,180,317,29,2851,146,1,33,Ham,Y,A-town,Neapolitan,Go LLC,0,0,106,0
78810,207,97,180,273,40,1002,146,63,69,Sausage,Y,A-town,Red Velvet,Go LLC,0,0,38,0
78870,220,104,177,298,59,233,159,94,52,Ham,Y,A-town,Cheesecake,Pause Associates,0,12,25,0
78582,259,95,178,245,54,5489,145,8,60,Mushrooms,Z,A-town,Mint,Pause Associates,0,0,73,0
78356,190,105,178,255,35,30,147,13,64,Spinach,Z,C-borough,Red Velvet,Pause Associates,0,0,1,0
78744,168,101,181,307,39,1050,148,41,53,Mushrooms,Y,A-town,Vanilla,Go LLC,0,0,77,0
79114,160,108,173,301,32,1496,159,66,46,Spinach,Y,A-town,Cheesecake,Go LLC,2,0,51,0
78868,191,103,175,280,33,115,152,44,37,Pineapple,Z,A-town,Orange Sherbert,Go LLC,0,0,33,0
78813,240,98,182,302,30,2850,152,1,37,Sausage,Z,A-town,Vanilla,Go LLC,0,0,21,0
78776,206,107,182,293,20,1053,152,62,56,Basil,Y,C-borough,Vanilla,Pause Associates,0,32,9,0
79252,162,99,187,351,51,1545,148,65,45,Bacon,Y,A-town,Orange Sherbert,Go LLC,0,0,24,0
78278,186,97,182,299,63,33,142,16,57,Sausage,Z,A-town,Red Velvet,Go LLC,0,0,46120,0
79026,201,101,184,267,66,2761,149,85,57,Red peppers,Z,C-borough,Cookies and Cream,Go LLC,0,0,89,0
78882,181,102,181,300,23,1573,153,21,59,Sausage,Y,B-ville,Orange Sherbert,Stop Inc,0,0,100,0
78804,173,100,171,305,68,301,149,32,55,Spinach,Z,A-town,Strawberry,Pause Associates,0,0,78,0
78956,201,97,169,362,28,1105,145,23,51,Extra cheese,Z,C-borough,Orange Sherbert,Go LLC,0,0,40,0
79124,160,99,177,300,38,390,144,23,32,Spinach,Y,A-town,Chocolate,Pause Associates,12,33,32,0
79134,253,99,173,286,43,341,159,121,43,Pineapple,Y,C-borough,Cookies and Cream,Pause Associates,0,0,70,0
78354,160,119,179,320,32,170,156,51,48,Pesto,X,B-ville,Pistachio,Pause Associates,0,65,0,1
79031,209,100,180,262,41,1384,149,48,42,Green peppers,Z,A-town,Red Velvet,Pause Associates,0,0,20,0
79040,234,94,179,327,40,4122,149,2,60,Pineapple,Y,B-ville,Cheesecake,Go LLC,0,0,53,0
78475,212,95,171,308,61,2152,155,42,38,Bacon,Y,A-town,Mint,Go LLC,11,0,35,0
78835,185,100,173,278,54,11,150,7,51,Pineapple,Z,A-town,Red Velvet,Go LLC,0,0,82,0
78889,195,99,177,342,37,2176,157,13,47,Red peppers,Y,A-town,Orange Sherbert,Pause Associates,0,0,54,0
78664,203,115,181,273,37,1713,158,29,51,Tomato,X,B-ville,Cookies and Cream,Pause Associates,0,0,17,1
79079,218,97,174,312,62,1061,678,83,45,Sausage,Y,A-town,Mint,Pause Associates,2,0,61,1
78730,207,99,177,260,66,108,141,8,60,Salami,Y,A-town,Neapolitan,Pause Associates,0,17,17,0
78952,209,99,174,295,42,414,157,16,59,Pineapple,Z,B-ville,Peach,Go LLC,0,0,38,0
79072,214,90,182,270,42,4438,145,19,54,Basil,X,B-ville,Mint,Pause Associates,0,0,81,0
78375,194,103,178,301,33,1356,150,29,74,Oregano,Z,C-borough,Mint,Stop Inc,0,7,23,0
78563,162,109,174,369,18,640,160,27,58,Sausage,Y,C-borough,Cookies and Cream,Go LLC,0,0,35,1
79250,187,114,170,301,33,8705,155,1,42,Sausage,Z,A-town,Cheesecake,Pause Associates,0,0,36,1
78545,223,99,169,293,23,50,151,37,39,Green peppers,Z,C-borough,Red Velvet,Go LLC,0,0,15,0
78719,188,103,177,301,63,247,148,62,36,Spinach,Z,C-borough,Orange Sherbert,Go LLC,0,0,20,0
79254,157,110,175,372,58,275,173,15,37,Ham,X,A-town,Butter Pecan,Pause Associates,0,29,40,1
79240,187,96,171,315,39,162,140,50,42,Pineapple,Z,B-ville,Orange Sherbert,Pause Associates,0,0,53,0
78920,171,99,170,341,52,651,151,86,34,Basil,Y,A-town,Cookies and Cream,Pause Associates,7,0,53,0
78714,179,101,999,305,23,3502,165,31,46,Pesto,Z,B-ville,Vanilla,Pause Associates,0,0,0,1
78446,218,105,178,332,32,1638,145,63,40,Bacon,Y,C-borough,Strawberry,Go LLC,0,0,28,0
78458,175,101,176,273,48,1259,155,4,52,Extra cheese,Z,A-town,Coffee,Go LLC,0,11,2,0
79091,192,96,174,278,47,2329,144,19,33,Extra cheese,X,A-town,Neapolitan,Go LLC,0,0,83,0
79088,177,110,182,340,52,686,164,19,60,Pesto,Z,B-ville,Cheesecake,Stop Inc,0,0,29,1
78280,130,101,169,297,33,900,148,4,51,Oregano,X,A-town,Pistachio,Pause Associates,0,4,5,0
79218,153,101,178,322,38,3994,146,50,43,Sausage,Y,A-town,Cookies and Cream,Pause Associates,3,0,3,0
78775,159,103,174,294,59,279,151,83,58,Extra cheese,Y,A-town,Cheesecake,Pause Associates,0,0,24,0
78965,216,103,177,268,50,17,146,87,49,Spinach,Z,A-town,Orange Sherbert,Go LLC,0,0,87,0
79173,200,112,179,274,39,838,162,14,43,BBQ Sauce,Y,A-town,Mint,Pause Associates,0,0,92,1
79167,202,101,180,302,56,1265,148,83,64,Spinach,Z,A-town,Butter Pecan,Go LLC,4,1,2,0
78322,201,95,174,278,38,3144,147,19,46,Bacon,Z,C-borough,Red Velvet,Go LLC,0,0,64,0
78457,163,110,178,316,64,1010,160,23,44,BBQ Sauce,X,B-ville,Black Cherry,Pause Associates,0,2,10,1
78473,212,98,177,310,62,994,143,13,34,Extra cheese,Z,C-borough,Strawberry,Pause Associates,0,1,5,0
78575,207,100,176,363,36,3066,147,38,55,Red peppers,Z,C-borough,Cookies and Cream,Go LLC,0,0,15,0
79019,193,103,175,318,52,177,152,21,44,Extra cheese,Z,A-town,Neapolitan,Pause Associates,0,0,86,0
78972,208,102,174,265,30,2580,147,3,63,Pineapple,Y,A-town,Coffee,Pause Associates,0,0,59,0
78670,196,97,178,334,48,508,150,8,49,Spinach,Y,C-borough,Strawberry,Go LLC,0,0,27,0
78325,121,109,171,275,26,4829,154,28,30,Pineapple,Y,C-borough,Pistachio,Pause Associates,0,0,16,1
78657,186,101,177,331,22,800,166,7,39,Pepperoni,Z,A-town,Cheesecake,Go LLC,0,17,24,1
78747,193,107,175,309,39,10340,170,54,63,Ham,Y,C-borough,Cheesecake,Pause Associates,0,5,56,1
79132,214,97,181,374,40,349,147,2,54,Ham,Z,A-town,Cookies and Cream,Go LLC,0,33,2,0
78774,204,109,177,318,49,493,161,16,48,Pesto,X,A-town,Red Velvet,Pause Associates,0,0,99,1
78526,209,104,177,328,36,503,141,11,46,Extra cheese,Z,C-borough,Cookies and Cream,Go LLC,0,0,20,0
78874,194,100,179,272,29,305,146,22,50,Pineapple,Y,C-borough,Red Velvet,Go LLC,0,20,42,0
79185,171,100,180,343,59,815,153,26,53,Tomato,Z,A-town,Red Velvet,Go LLC,0,0,24,0
79115,214,106,176,336,43,209,169,32,56,Spinach,Z,C-borough,Chocolate,Go LLC,0,0,80,1
78715,168,98,165,290,37,294,145,12,43,Spinach,Y,A-town,Cookies and Cream,Pause Associates,0,0,20,0
79068,142,114,177,333,59,3191,156,5,58,Pineapple,X,C-borough,Pistachio,Pause Associates,0,0,13,1
78724,231,108,178,341,61,3910,156,27,50,Garlic,Y,C-borough,Cheesecake,Pause Associates,0,0,29,1
78646,227,106,176,352,21,2035,147,22,43,Oregano,Y,A-town,Coffee,Go LLC,0,0,10,0
78465,171,110,175,265,56,1086,162,7,51,Spinach,Z,A-town,Chocolate,Pause Associates,0,0,2,1
79062,184,102,177,331,36,2929,156,7,44,Oregano,Z,A-town,Cookies and Cream,Go LLC,0,0,73,0
78470,210,90,178,312,48,505,155,10,40,Ham,Z,C-borough,Vanilla,Go LLC,0,3,14,0
79024,138,111,181,297,60,2067,151,64,44,Pesto,Y,A-town,Chocolate,Pause Associates,0,0,7,1
79041,223,113,177,264,41,1210,159,85,37,Sausage,Y,B-ville,Butter Pecan,Pause Associates,0,40,33,1
78491,149,114,182,348,63,1881,160,35,38,Black olives,Y,A-town,Cheesecake,Pause Associates,9,0,41,1
79213,215,105,180,337,19,930,154,16,35,Tomato,X,C-borough,Cheesecake,Stop Inc,19,0,5,1
79002,212,94,177,325,24,1640,153,15,48,Sausage,Z,A-town,Strawberry,Pause Associates,0,0,27,0
78392,170,110,180,318,49,130,152,13,49,Pineapple,Z,A-town,Cookies and Cream,Pause Associates,0,0,109,1
79112,174,110,176,392,27,217,156,12,60,Sausage,Z,C-borough,Orange Sherbert,Pause Associates,0,0,15,1
79045,202,111,175,359,29,2171,161,0,55,Pepperoni,Y,A-town,Orange Sherbert,Go LLC,0,0,58,1
79023,212,109,179,301,49,4142,158,34,42,Spinach,Z,C-borough,Pistachio,Pause Associates,0,0,22,1
79056,207,110,184,346,25,1147,166,104,52,Pesto,Z,C-borough,Cheesecake,Pause Associates,3,0,5,1
79232,216,91,187,299,60,311,149,98,61,Bacon,Z,A-town,Red Velvet,Go LLC,0,0,16,0
79142,189,100,180,291,26,5477,151,20,61,Ham,Y,A-town,Vanilla,Go LLC,0,27,43,0
78360,225,103,173,312,42,5285,159,49,49,Extra cheese,Z,A-town,Mint,Go LLC,9,0,45,0
78440,191,107,174,271,38,2357,161,40,36,Black olives,Z,A-town,Cookies and Cream,Stop Inc,0,0,23,1
79143,188,96,184,305,23,667,153,16,41,Mushrooms,Y,A-town,Vanilla,Pause Associates,2,3,4,0
78812,238,101,177,331,49,1309,149,0,76,Ham,Y,A-town,Mint,Go LLC,0,0,52,0
78588,166,104,181,289,55,3370,164,35,40,Bacon,X,C-borough,Chocolate,Pause Associates,0,0,82,1
78725,183,104,177,305,65,1407,152,0,56,Spinach,Z,C-borough,Orange Sherbert,Pause Associates,0,16,42,0
78818,155,91,179,289,20,423,152,8,53,Bacon,Z,A-town,Vanilla,Pause Associates,0,0,72,0
79239,163,112,174,295,32,744,163,4,56,Ham,X,B-ville,Chocolate,Pause Associates,11,0,36,1
78293,203,100,182,299,23,1612,149,31,54,Red peppers,Y,A-town,Red Velvet,Pause Associates,0,0,51,0
78802,179,105,174,311,55,5193,164,15,53,Pepperoni,Z,A-town,Black Cherry,Pause Associates,0,0,41,1
78361,167,114,176,305,40,4134,158,12,44,Pesto,X,C-borough,Red Velvet,Go LLC,0,0,25,1
78910,167,116,173,341,52,2105,152,71,34,Spinach,Y,A-town,Pistachio,Pause Associates,0,0,107,1
78531,167,107,170,348,23,2475,162,3,38,BBQ Sauce,Y,C-borough,Chocolate,Pause Associates,1,0,67,1
79163,235,91,174,343,39,1636,145,21,54,Pesto,Y,C-borough,Strawberry,Pause Associates,0,0,28,0
78505,176,114,177,296,52,143,160,48,50,Tomato,Z,A-town,Cheesecake,Pause Associates,0,21,41,1
78919,219,100,173,267,40,3726,149,40,39,Bacon,Z,A-town,Vanilla,Go LLC,0,0,35,0
78283,169,108,182,306,61,4684,162,25,32,Sausage,Y,A-town,Cheesecake,Pause Associates,0,5,29,1
78294,206,114,178,293,54,6939,168,26,33,Pesto,Z,A-town,Cookies and Cream,Pause Associates,0,0,28,1
78647,181,110,175,304,31,1391,167,37,48,Pesto,Z,A-town,Pistachio,Pause Associates,0,0,24,1
79160,196,100,181,254,63,438,150,18,54,Extra cheese,Y,A-town,Strawberry,Pause Associates,4,47,7,0
78437,226,98,179,296,60,15,142,12,68,Mushrooms,Y,C-borough,Orange Sherbert,Go LLC,0,0,88,0
78507,209,106,175,349,40,1079,161,15,32,Pineapple,X,A-town,Cheesecake,Pause Associates,0,2,0,1
78513,226,102,176,292,30,1054,148,10,50,Black olives,Z,C-borough,Mint,Go LLC,0,0,70,0
78297,219,111,175,268,42,600,678,1,47,Ham,X,C-borough,Cheesecake,Pause Associates,0,39,56,1
78379,189,96,181,333,23,334,144,67,63,Tomato,Z,A-town,Vanilla,Go LLC,0,0,13,0
78390,180,111,173,358,60,946,166,15,42,Tomato,Y,B-ville,Chocolate,Go LLC,0,2,29,1
78416,183,105,181,287,42,529,155,12,44,Black olives,Z,A-town,Orange Sherbert,Pause Associates,0,31,24,1
78946,184,111,169,312,38,2360,159,65,51,Pineapple,Y,A-town,Cheesecake,Go LLC,0,0,29,1
78568,151,108,178,292,37,653,160,60,44,Tomato,Z,A-town,Pistachio,Pause Associates,5,0,32,1
78904,185,99,179,264,49,1141,157,3,59,BBQ Sauce,Y,C-borough,Strawberry,Pause Associates,5,0,66,0
79050,244,104,181,316,65,49,153,49,52,Extra cheese,Z,A-town,Strawberry,Pause Associates,0,0,41,0
78773,241,101,178,289,56,1657,138,54,47,Bacon,Z,C-borough,Cookies and Cream,Go LLC,7,0,69,0
79175,228,102,184,298,25,628,153,47,36,Red peppers,Y,A-town,Vanilla,Go LLC,4,0,10,0
78593,193,107,173,353,48,2301,157,11,51,Spinach,Z,B-ville,Neapolitan,Pause Associates,0,5,32,1
78757,121,105,177,321,38,1041,155,107,55,Pesto,Y,A-town,Orange Sherbert,Pause Associates,0,0,22,1
78625,215,104,179,366,51,4042,156,5,65,Spinach,Y,B-ville,Cookies and Cream,Pause Associates,0,0,22,1
78542,240,107,182,323,33,270,152,0,57,Sausage,Z,A-town,Strawberry,Pause Associates,0,24,9,0
79063,183,100,177,259,63,756,147,9,58,Spinach,Y,A-town,Chocolate,Go LLC,3,0,9,0
79233,187,104,177,326,42,1232,153,2,57,Spinach,Z,A-town,Vanilla,Pause Associates,0,0,45,0
78587,148,111,176,313,25,2807,160,23,51,Pineapple,Z,C-borough,Pistachio,Pause Associates,5,0,36,1
78953,183,100,177,289,66,1371,147,36,27,Extra cheese,Z,C-borough,Cheesecake,Go LLC,2,0,37,0
79131,166,112,176,323,23,386,166,27,57,Pesto,Y,A-town,Vanilla,Pause Associates,0,0,45,1
78321,220,99,182,254,35,1305,151,7,54,Red peppers,Z,A-town,Strawberry,Go LLC,0,0,27,0
78991,188,96,176,259,23,831,149,4,61,Spinach,Z,C-borough,Butter Pecan,Go LLC,0,73,67,0
78660,171,98,174,275,47,3356,139,33,48,Sausage,Z,A-town,Vanilla,Pause Associates,0,0,62,0
78861,221,94,174,267,66,2365,152,51,44,Chicken,Z,A-town,Cheesecake,Go LLC,0,0,45,0
79151,166,113,182,310,24,234,159,77,49,Spinach,Y,A-town,Strawberry,Go LLC,0,0,37,1
78711,175,108,176,317,18,148,158,24,43,Pineapple,Z,A-town,Cheesecake,Pause Associates,0,0,23,1
78855,218,104,179,308,66,4714,153,4,46,Bacon,Z,A-town,Cookies and Cream,Stop Inc,0,0,18,0
78970,172,108,179,306,55,816,165,10,42,Spinach,Z,C-borough,Cheesecake,Pause Associates,0,0,29,1
78943,124,92,179,300,42,409,145,18,47,Bacon,Z,A-town,Neapolitan,Pause Associates,1,77,52,0
78895,160,115,173,334,52,2582,159,52,42,Tomato,X,A-town,Butter Pecan,Pause Associates,0,0,56,1
78467,175,110,174,361,22,64,157,85,43,BBQ Sauce,Y,A-town,Black Cherry,Pause Associates,0,0,77,1
79206,130,97,179,295,24,210,151,66,41,Chicken,Z,A-town,Strawberry,Go LLC,0,16,23,0
78638,227,110,183,342,33,4651,161,73,46,Ham,Y,A-town,Pistachio,Pause Associates,0,0,50,1
78478,179,112,173,327,57,108,160,49,44,Ham,Y,C-borough,Pistachio,Stop Inc,0,0,30,1
78966,256,106,178,326,56,369,160,8,63,Pineapple,Z,B-ville,Coffee,Go LLC,0,83,80,1
78419,176,102,172,331,63,2853,166,78,48,Salami,Y,B-ville,Vanilla,Pause Associates,0,0,50,1
78611,235,114,186,300,49,727,160,68,56,Pepperoni,Y,B-ville,Chocolate,Pause Associates,0,0,157,1
79053,173,98,182,220,36,310,157,77,40,Sausage,Z,A-town,Vanilla,Pause Associates,3,3,0,0
78641,143,112,176,319,54,300,159,98,45,BBQ Sauce,Y,A-town,Red Velvet,Stop Inc,0,4,9,1
78415,199,101,174,298,60,2085,151,32,32,Mushrooms,Z,A-town,Red Velvet,Pause Associates,0,0,69,0
78592,167,105,180,323,24,1573,163,13,56,Black olives,Z,B-ville,Chocolate,Pause Associates,6,7,1,1
79148,146,114,183,290,62,81,167,15,55,BBQ Sauce,Y,C-borough,Orange Sherbert,Pause Associates,3,9,0,1
78618,184,100,181,277,66,2219,150,3,49,Tomato,Y,C-borough,Coffee,Stop Inc,0,0,38,0
78681,207,103,176,301,69,1850,145,2,43,Mushrooms,Y,A-town,Chocolate,Pause Associates,0,0,33,0
78873,173,98,178,328,31,849,145,8,45,Ham,Y,A-town,Vanilla,Pause Associates,0,0,65,0
78487,198,98,184,248,46,1294,149,6,56,Tomato,X,A-town,Red Velvet,Pause Associates,1,0,82,0
78567,171,107,183,330,51,1775,160,18,31,Pineapple,Z,A-town,Chocolate,Pause Associates,0,0,47,1
79128,157,97,176,316,52,3025,154,53,54,Sausage,Z,A-town,Strawberry,Pause Associates,7,0,35,0
78872,240,97,175,362,54,1118,150,24,63,Sausage,Z,C-borough,Vanilla,Pause Associates,0,0,30,0
78617,155,108,179,364,63,630,168,83,46,Tomato,Z,B-ville,Orange Sherbert,Pause Associates,0,0,15,1
78523,250,95,175,292,31,5688,149,12,45,Garlic,Z,A-town,Strawberry,Go LLC,6,0,21,0
78960,200,93,181,290,24,329,149,37,55,Sausage,Z,C-borough,Vanilla,Go LLC,0,1,0,0
79107,212,118,174,281,64,880,159,35,36,Ham,Y,C-borough,Red Velvet,Pause Associates,0,0,36,1
79004,166,102,177,328,28,3039,155,8,53,Green peppers,Z,A-town,Mint,Go LLC,7,0,51,0
78548,290,101,178,311,29,38,149,177,62,Spinach,Y,A-town,Coffee,Go LLC,0,0,141,0
79094,165,113,177,348,60,2907,165,12,57,Pesto,Y,C-borough,Red Velvet,Pause Associates,0,3,10,1
78516,194,94,183,262,44,3402,149,20,53,Red peppers,Z,C-borough,Cheesecake,Go LLC,0,0,16,0
78692,186,100,173,280,62,289,158,11,65,Ham,Y,C-borough,Orange Sherbert,Pause Associates,0,0,51,0
78900,174,93,171,244,34,651,155,23,54,Extra cheese,Y,B-ville,Butter Pecan,Go LLC,0,0,72,0
78352,160,99,171,351,25,4422,150,3,51,Red peppers,Z,C-borough,Vanilla,Pause Associates,1,0,45,0
78699,194,100,177,251,65,2993,157,71,63,Bacon,Z,C-borough,Red Velvet,Go LLC,0,0,41,0
78726,198,102,180,273,49,677,151,19,53,Extra cheese,Z,C-borough,Neapolitan,Go LLC,0,0,72,0
79018,171,91,177,327,57,2031,151,44,41,Basil,Y,A-town,Orange Sherbert,Pause Associates,0,0,21,0
78378,214,106,176,301,64,342,168,3,41,Pineapple,Y,A-town,Cheesecake,Pause Associates,0,0,50,1
78560,173,90,999,376,27,1042,154,11,50,Oregano,Z,C-borough,Neapolitan,Go LLC,3,0,14,0
78967,227,101,177,289,33,2886,148,24,45,Pesto,Z,A-town,Orange Sherbert,Go LLC,0,4,5,0
78387,230,94,179,266,39,913,144,25,38,Basil,Z,A-town,Red Velvet,Pause Associates,0,0,70,0
79027,157,97,181,258,68,446,148,64,55,Extra cheese,Z,C-borough,Red Velvet,Pause Associates,0,0,39,0
78867,208,111,172,293,25,655,141,22,39,Extra cheese,Z,A-town,Red Velvet,Go LLC,0,0,44,0
78878,180,104,179,317,21,772,143,51,37,Ham,Z,A-town,Strawberry,Pause Associates,0,0,94,0
78614,179,95,173,291,39,2120,153,60,45,Salami,Y,C-borough,Orange Sherbert,Pause Associates,0,0,0,0
78928,182,104,178,286,40,6292,168,35,36,Pineapple,X,C-borough,Cookies and Cream,Pause Associates,0,0,52,1
78612,227,113,180,357,33,964,170,11,53,Mushrooms,X,A-town,Peach,Stop Inc,0,0,34,1
78583,205,103,166,305,66,910,156,73,59,Red peppers,Y,A-town,Chocolate,Pause Associates,0,0,38,0
79111,182,120,175,317,38,680,161,20,55,Pineapple,Y,B-ville,Vanilla,Stop Inc,0,0,9,1
78329,176,100,168,312,46,1530,150,12,47,Chicken,Z,C-borough,Strawberry,Pause Associates,0,0,71,0
78586,207,111,173,336,61,1186,170,29,54,Salami,Y,A-town,Vanilla,Pause Associates,0,0,70,1
78859,227,103,178,256,38,1645,149,30,46,Extra cheese,Y,A-town,Strawberry,Pause Associates,0,7,17,0
79222,184,102,170,329,22,872,151,14,35,Extra cheese,Y,C-borough,Pistachio,Stop Inc,0,0,38,0
78728,165,111,174,289,29,4057,166,17,45,Mushrooms,Z,C-borough,Red Velvet,Pause Associates,0,0,1,1
78864,175,109,177,268,39,187,160,9,25,Salami,X,A-town,Cookies and Cream,Go LLC,0,0,27,1
78573,164,104,185,294,23,3857,152,1,73,Tomato,X,A-town,Cheesecake,Go LLC,0,0,33,1
78304,210,101,178,288,38,90,152,182,49,Red peppers,Z,C-borough,Chocolate,Go LLC,0,17,16,0
78498,220,103,174,327,54,1027,158,11,60,Oregano,Z,B-ville,Butter Pecan,Pause Associates,0,0,90,0
78273,250,94,175,314,49,1563,154,2,51,Sausage,Y,B-ville,Cookies and Cream,Pause Associates,0,0,28,0
78331,142,113,180,266,26,6302,162,7,37,Pineapple,Y,C-borough,Chocolate,Pause Associates,0,0,37,1
78663,179,93,179,338,30,167,148,14,40,Ham,Y,A-town,Neapolitan,Pause Associates,1,18,24,0
78785,200,100,178,317,41,981,145,60,45,Red peppers,Z,A-town,Mint,Pause Associates,0,0,116,0
79159,200,98,180,281,42,1516,153,32,47,Sausage,Y,A-town,Vanilla,Stop Inc,0,20,53,0
79029,197,103,176,310,49,1422,148,30,39,Extra cheese,Y,A-town,Neapolitan,Pause Associates,0,0,78,0
78833,205,108,174,276,42,64,154,9,43,Sausage,Z,A-town,Orange Sherbert,Pause Associates,0,0,59,0
78450,243,99,179,330,21,1740,150,28,54,Bacon,Y,C-borough,Chocolate,Go LLC,1,0,46,0
78996,212,111,172,357,27,819,152,12,45,Chicken,Y,A-town,Pistachio,Pause Associates,0,0,58,1
79087,214,108,181,305,46,195,162,76,48,BBQ Sauce,X,A-town,Red Velvet,Pause Associates,0,2,27,1
78950,185,105,181,275,48,1301,152,16,60,Bacon,Z,A-town,Vanilla,Pause Associates,0,15,0,0
78649,201,96,175,298,47,1676,147,15,57,Pineapple,Z,A-town,Chocolate,Pause Associates,13,0,50,0
79001,193,96,178,281,50,76,153,1,32,Mushrooms,Z,C-borough,Strawberry,Go LLC,0,0,51,0
79244,169,100,178,281,43,278,149,26,51,Pineapple,Y,C-borough,Cookies and Cream,Go LLC,0,0,37,0
79198,213,106,183,298,32,8051,142,28,69,Tomato,Y,A-town,Butter Pecan,Pause Associates,0,0,31,0
78282,216,91,175,274,66,1076,152,27,55,Extra cheese,Z,A-town,Cookies and Cream,Pause Associates,22,0,71,0
78796,177,105,175,359,33,250,141,40,45,Ham,Z,C-borough,Red Velvet,Go LLC,0,0,24,0
78940,218,112,177,332,47,3570,155,63,52,Spinach,X,C-borough,Mint,Pause Associates,7,0,76,1
79210,188,93,173,293,69,37,149,12,65,Pesto,Z,A-town,Mint,Pause Associates,0,0,25,0
79245,211,107,178,284,48,4140,161,48,41,Black olives,X,B-ville,Orange Sherbert,Pause Associates,2,31,34,1
78959,161,110,169,300,53,591,159,36,44,Pesto,Z,B-ville,Pistachio,Go LLC,0,0,13,1
78310,190,100,172,226,24,193,156,32,46,Pineapple,Z,C-borough,Strawberry,Go LLC,0,0,41,0
78332,203,104,172,330,37,398,153,10,63,Mushrooms,Z,A-town,Orange Sherbert,Go LLC,0,0,92,0
79153,246,98,173,327,58,820,148,20,51,Extra cheese,Y,C-borough,Red Velvet,Pause Associates,0,0,0,0
78718,205,99,188,280,23,245,158,60,53,Pineapple,Y,A-town,Cheesecake,Pause Associates,0,0,27,0
79060,224,107,180,303,47,2972,162,9,37,Oregano,Z,C-borough,Coffee,Pause Associates,0,0,37,1
78795,232,100,181,303,66,1581,151,8,57,Red peppers,Y,C-borough,Mint,Pause Associates,0,0,6,0
78847,182,95,178,335,36,140,148,4,45,Extra cheese,Y,C-borough,Red Velvet,Pause Associates,0,0,9,0
79017,252,111,176,253,59,318,154,15,46,Sausage,Z,A-town,Chocolate,Pause Associates,0,0,29,0
79116,211,95,181,251,58,2326,151,13,62,Extra cheese,Y,C-borough,Chocolate,Go LLC,2,0,0,0
79098,192,98,176,272,42,381,153,55,53,Oregano,Z,C-borough,Neapolitan,Pause Associates,0,0,10,0
78309,205,95,177,362,20,311,154,34,53,Pineapple,Y,A-town,Red Velvet,Pause Associates,0,3,42,0
78269,218,96,178,305,33,1720,147,57,48,Oregano,Y,C-borough,Pistachio,Pause Associates,0,0,47,0
78501,219,95,173,275,46,1156,147,5,61,Pineapple,Y,A-town,Orange Sherbert,Pause Associates,0,39,45,0
78831,191,103,176,307,24,594,148,35,51,Pineapple,Y,C-borough,Orange Sherbert,Pause Associates,0,0,66,0
78929,183,112,173,328,38,957,163,15,45,Sausage,X,A-town,Cookies and Cream,Pause Associates,1,37,49,1
78842,144,101,171,278,46,4051,152,13,65,Tomato,Z,C-borough,Red Velvet,Go LLC,3,0,24,0
78648,193,104,180,289,64,181,160,18,36,Ham,X,B-ville,Cheesecake,Pause Associates,0,0,11,1
78903,161,98,179,229,34,844,145,120,63,Pineapple,Z,C-borough,Mint,Go LLC,0,0,71,0
78832,257,103,172,381,29,202,146,4,56,Sausage,Z,A-town,Chocolate,Go LLC,0,0,27,0
78537,147,98,180,306,34,844,157,5,36,Extra cheese,Z,A-town,Chocolate,Go LLC,0,0,28,0
79217,223,97,184,305,42,38,153,77,66,Ham,Y,C-borough,Vanilla,Pause Associates,0,0,89,0
79117,165,107,176,287,31,1178,165,63,56,Pesto,X,B-ville,Cheesecake,Pause Associates,0,0,79,1
79256,194,98,182,305,44,2076,151,170,52,Mushrooms,Z,A-town,Neapolitan,Pause Associates,0,0,57,0
79082,188,100,177,312,42,3383,155,104,49,Red peppers,Y,A-town,Neapolitan,Go LLC,0,0,13,0
79099,218,114,181,341,61,362,158,47,58,BBQ Sauce,Z,A-town,Vanilla,Pause Associates,0,0,70,1
79216,231,101,172,310,53,1859,152,52,43,Bacon,Y,A-town,Neapolitan,Pause Associates,0,14,6,0
78622,204,98,179,328,66,984,146,5,43,Red peppers,Y,A-town,Red Velvet,Pause Associates,0,0,43,0
78651,147,112,999,322,47,2247,160,43,63,BBQ Sauce,Z,A-town,Mint,Pause Associates,0,0,48,1
78973,200,99,172,299,68,120,149,42,53,Red peppers,Z,C-borough,Cookies and Cream,Pause Associates,0,0,68,0
78684,230,100,176,302,56,162,678,6,63,Extra cheese,Y,A-town,Cookies and Cream,Pause Associates,0,0,50,0
78778,182,101,177,312,53,1667,147,82,57,Bacon,Z,C-borough,Mint,Go LLC,0,0,43,0
78277,216,106,184,263,39,2747,156,26,58,Red peppers,Y,A-town,Mint,Go LLC,0,0,22,0
79048,161,113,178,304,48,5144,167,7,44,Basil,Z,A-town,Strawberry,Pause Associates,3,0,53,1
78326,198,97,174,304,55,2966,147,16,50,Basil,Y,C-borough,Mint,Go LLC,2,0,46,0
78958,232,102,173,304,24,1543,141,63,42,Extra cheese,Z,A-town,Orange Sherbert,Go LLC,0,10,38,0
78693,202,96,170,244,67,309,148,28,59,Red peppers,Z,A-town,Red Velvet,Pause Associates,0,28,37,0
78527,167,105,182,325,52,189,157,3,44,Tomato,Y,B-ville,Chocolate,Go LLC,0,0,10,1
78409,206,98,181,311,55,2263,152,4,63,Bacon,Z,A-town,Strawberry,Pause Associates,0,7,16,0
78764,195,109,177,316,49,1081,163,53,48,Pineapple,Y,A-town,Orange Sherbert,Pause Associates,0,0,62,1
78977,200,96,186,251,69,397,146,16,50,Extra cheese,Y,A-town,Cookies and Cream,Go LLC,26,0,35,0
78369,142,104,177,246,59,739,150,2,51,Red peppers,Z,A-town,Neapolitan,Pause Associates,0,0,58,0
78634,211,110,175,332,63,95,166,5,39,Spinach,X,C-borough,Pistachio,Go LLC,0,0,60,1
78602,176,102,171,263,69,3248,154,9,52,Sausage,Z,C-borough,Orange Sherbert,Pause Associates,0,27,46,0
79016,215,97,173,299,59,1065,143,88,39,Oregano,Y,C-borough,Orange Sherbert,Pause Associates,0,0,42,0
78610,220,101,180,271,43,1538,150,18,75,Spinach,Z,C-borough,Mint,Pause Associates,4,17,29,0
78370,196,113,182,284,43,148,159,37,38,Spinach,Z,A-town,Vanilla,Stop Inc,0,38,0,1
79092,244,103,175,357,53,2280,156,22,38,Pineapple,Y,A-town,Vanilla,Go LLC,0,3,25,0
78598,170,94,176,303,28,19,150,92,64,Ham,Z,C-borough,Orange Sherbert,Pause Associates,0,0,16,0
78418,237,107,184,356,50,6540,159,15,52,Black olives,Z,A-town,Chocolate,Pause Associates,0,0,46,1
78830,185,96,178,288,65,2499,152,7,62,Red peppers,Z,B-ville,Strawberry,Pause Associates,6,0,18,0
78986,206,101,174,359,45,1999,155,7,48,Bacon,Z,C-borough,Vanilla,Pause Associates,0,0,67,0
78490,206,102,184,317,21,1445,147,24,50,Ham,Z,B-ville,Neapolitan,Go LLC,0,37,3,0
78383,227,105,177,318,65,156,142,3,56,Basil,Z,C-borough,Coffee,Go LLC,0,0,27,0
79225,203,102,175,275,30,1025,145,18,44,Extra cheese,Z,C-borough,Mint,Pause Associates,0,19,24,0
78981,180,95,177,351,32,419,144,30,52,Extra cheese,Z,A-town,Orange Sherbert,Pause Associates,0,47,59,0
79054,150,113,174,313,33,2143,162,71,61,Pineapple,Y,C-borough,Coffee,Pause Associates,0,0,54,1
78687,190,117,174,275,59,868,167,36,60,Spinach,Y,A-town,Cookies and Cream,Pause Associates,0,0,32,1
78722,152,100,180,283,69,720,144,9,57,Ham,Z,A-town,Butter Pecan,Pause Associates,0,34,9,0
78906,234,104,174,319,41,407,155,20,42,Ham,Z,A-town,Red Velvet,Pause Associates,0,0,35,0
78366,179,100,171,287,60,1007,147,1,34,Sausage,Z,A-town,Neapolitan,Pause Associates,0,0,70,0
78589,251,103,173,333,20,24,144,1,38,Bacon,Z,A-town,Vanilla,Go LLC,0,0,42,0
78768,188,101,184,314,34,3917,146,5,25,Tomato,Y,C-borough,Strawberry,Pause Associates,0,5,6,0
79223,211,99,178,274,25,176,146,25,56,Red peppers,Z,A-town,Vanilla,Stop Inc,0,26,12,0
78883,110,95,179,287,38,718,151,45,56,Extra cheese,Z,C-borough,Neapolitan,Go LLC,0,0,67,0
79209,211,103,178,310,49,1996,152,32,53,Pineapple,Y,C-borough,Strawberry,Pause Associates,0,0,52,0
79147,201,92,180,253,68,931,157,6,57,Pineapple,Z,C-borough,Strawberry,Pause Associates,0,7,11,0
78279,196,102,181,339,46,5138,152,5,51,Bacon,Y,A-town,Cheesecake,Go LLC,0,0,80,0
78495,223,100,178,333,36,537,146,6,52,Pineapple,Z,C-borough,Cheesecake,Pause Associates,0,22,17,0
78912,198,98,182,303,24,1800,152,42,42,Tomato,Y,A-town,Butter Pecan,Go LLC,0,0,9,0
78541,187,113,181,373,25,162,159,26,31,Ham,Y,C-borough,Pistachio,Pause Associates,1,0,76,1
78655,203,104,184,344,66,1282,148,3,45,Oregano,Y,A-town,Mint,Go LLC,0,0,58,0
78915,191,113,171,322,40,794,160,25,46,Pineapple,Y,A-town,Pistachio,Pause Associates,0,0,70,1
78371,185,100,180,330,48,690,149,7,44,Ham,Z,A-town,Neapolitan,Go LLC,0,0,55,0
78740,180,96,182,286,32,464,150,25,62,Red peppers,Z,A-town,Chocolate,Go LLC,6,0,18,0
78975,218,105,176,334,51,904,168,42,26,BBQ Sauce,X,C-borough,Vanilla,Pause Associates,1,0,40,1
78733,184,108,167,279,45,325,163,5,55,Sausage,Y,A-town,Pistachio,Pause Associates,0,52,47,1
78717,209,109,174,325,52,414,158,8,45,Salami,Z,A-town,Chocolate,Pause Associates,0,62,44,1
79255,212,105,178,279,63,547,143,42,41,Bacon,Y,C-borough,Cookies and Cream,Go LLC,0,57,71,0
78787,199,110,177,315,58,193,159,10,54,Oregano,X,C-borough,Black Cherry,Go LLC,0,0,12,1
78751,209,102,181,377,54,1053,147,4,31,Ham,X,A-town,Vanilla,Go LLC,0,0,120,0
78584,156,90,179,301,52,1099,152,2,51,Extra cheese,Y,C-borough,Cheesecake,Go LLC,0,0,15,0
78683,242,97,185,255,25,813,146,30,36,Bacon,Z,A-town,Cookies and Cream,Pause Associates,0,0,105,0
78918,200,96,174,305,33,1880,158,9,46,BBQ Sauce,Y,A-town,Peach,Pause Associates,0,0,10,1
78286,180,110,180,335,26,419,162,12,56,Black olives,X,A-town,Chocolate,Pause Associates,0,0,19,1
78860,188,94,178,306,49,409,148,23,40,Bacon,Y,A-town,Vanilla,Go LLC,0,4,0,0
78324,213,103,172,284,62,11024,166,0,28,Spinach,X,A-town,Cheesecake,Pause Associates,0,0,0,1
78604,199,99,184,347,64,2136,146,117,44,Ham,Z,C-borough,Vanilla,Pause Associates,0,0,39,0
79259,198,96,169,342,27,176,147,11,45,Ham,Y,C-borough,Red Velvet,Pause Associates,0,0,62,0
78822,224,95,182,320,55,55,144,3,52,Pineapple,X,A-town,Coffee,Pause Associates,0,4,43,0
79157,211,101,183,316,39,1027,144,14,56,Sausage,Z,C-borough,Mint,Pause Associates,0,0,72,0
78758,158,93,175,276,22,2321,145,70,58,Oregano,Z,A-town,Red Velvet,Go LLC,0,0,87,0
78365,171,106,177,393,61,2797,161,49,32,Bacon,Z,B-ville,Chocolate,Pause Associates,0,0,19,1
78696,216,98,180,286,27,1334,150,17,21,Ham,Z,C-borough,Chocolate,Go LLC,0,0,44,0
78438,203,103,175,321,62,2165,149,10,59,Salami,Z,A-town,Butter Pecan,Pause Associates,0,7,16,0
78492,167,100,174,277,69,396,148,13,34,Ham,Z,A-town,Orange Sherbert,Go LLC,0,0,31,0
78935,217,113,175,250,52,678,165,0,44,Black olives,Z,A-town,Mint,Pause Associates,0,13,14,1
79238,184,97,176,334,34,568,157,53,45,Spinach,Z,C-borough,Mint,Pause Associates,0,0,36,0
78702,182,104,173,322,50,28,158,5,43,Spinach,Z,C-borough,Mint,Pause Associates,0,0,50,1
78472,209,99,174,259,53,859,144,2,48,Extra cheese,Y,C-borough,Cheesecake,Pause Associates,0,0,41,0
78779,172,101,182,291,54,1512,149,18,42,Red peppers,Z,A-town,Vanilla,Go LLC,0,32,46,0
78636,252,105,173,242,26,436,150,27,43,Pineapple,Y,A-town,Strawberry,Pause Associates,0,38,33,0
78788,173,105,177,292,41,1126,737,23,51,Bacon,Z,C-borough,Red Velvet,Go LLC,0,70,107,0
78668,187,104,176,299,45,7028,155,14,50,Salami,Y,A-town,Peach,Go LLC,3,6,77,0
78481,236,97,174,245,56,5813,141,31,65,Extra cheese,Y,A-town,Vanilla,Go LLC,0,0,69,0
78742,161,111,176,296,27,684,161,3,43,Basil,Y,B-ville,Chocolate,Pause Associates,0,0,37,1
78500,126,101,179,282,29,928,149,15,56,Red peppers,Z,A-town,Vanilla,Pause Associates,0,0,84,0
78811,273,105,182,302,44,486,148,4,56,Red peppers,X,A-town,Cookies and Cream,Go LLC,0,18,30,0
79150,161,108,175,284,27,1518,162,88,43,Pesto,Y,A-town,Red Velvet,Pause Associates,0,0,13,1
78884,179,94,182,318,48,784,144,65,32,Ham,Z,A-town,Orange Sherbert,Go LLC,0,0,12,0
78809,179,98,174,314,53,713,144,11,51,Extra cheese,Y,A-town,Vanilla,Pause Associates,0,0,30,0
78829,153,101,179,321,42,4397,148,7,54,Red peppers,Y,A-town,Red Velvet,Pause Associates,1,0,18,0
79135,177,103,176,271,61,352,152,28,31,Extra cheese,Y,B-ville,Neapolitan,Pause Associates,3,8,7,0
79212,223,102,181,310,62,1110,146,12,58,Pineapple,Y,A-town,Orange Sherbert,Go LLC,0,0,2,0
78313,148,100,177,308,61,733,149,10,47,Tomato,Z,C-borough,Neapolitan,Go LLC,0,12,6,0
79141,190,103,172,300,60,281,151,35,64,BBQ Sauce,Z,C-borough,Strawberry,Go LLC,0,0,20,0
79084,185,102,183,321,39,2589,145,2,62,Mushrooms,Y,A-town,Red Velvet,Pause Associates,0,47,49,0
78456,172,103,179,289,48,726,152,6,53,Bacon,Y,A-town,Cookies and Cream,Go LLC,0,0,27,0
78274,223,111,181,287,41,2219,159,2,47,Tomato,Y,B-ville,Mint,Go LLC,0,49,101,1
79178,183,102,179,360,42,2997,150,32,46,Ham,Y,C-borough,Red Velvet,Stop Inc,0,0,44,0
78434,152,114,174,366,19,1660,158,15,39,Spinach,X,A-town,Neapolitan,Pause Associates,0,30,49,1
79014,196,97,172,270,22,12,150,53,57,Pineapple,Z,C-borough,Mint,Pause Associates,3,0,24,0
78667,196,103,179,262,69,1293,147,26,31,Spinach,Z,C-borough,Peach,Go LLC,0,0,60,0
78303,190,107,174,327,69,2264,149,75,65,Bacon,Z,A-town,Vanilla,Go LLC,0,0,51,0
78721,237,100,176,286,43,863,153,177,56,Basil,Z,A-town,Orange Sherbert,Pause Associates,22,0,47,0
78417,170,111,171,314,32,289,163,26,39,Pineapple,X,A-town,Orange Sherbert,Pause Associates,0,0,18,1
79186,128,106,175,289,59,780,157,14,55,Sausage,X,A-town,Pistachio,Go LLC,0,0,45,1
78887,179,103,177,346,26,304,148,12,45,Pineapple,Z,A-town,Vanilla,Pause Associates,0,0,0,0
79055,234,98,177,293,44,4480,153,34,41,Mushrooms,Y,A-town,Strawberry,Pause Associates,0,0,58,0
78665,217,110,999,305,52,1274,161,30,66,BBQ Sauce,Z,A-town,Chocolate,Pause Associates,0,0,47,1
78786,195,99,186,285,52,219,153,19,56,Oregano,Y,A-town,Cheesecake,Pause Associates,0,0,64,0
78380,181,95,181,326,62,3507,154,20,51,Basil,Z,A-town,Vanilla,Pause Associates,0,0,5,0
79110,237,95,184,328,35,3141,153,15,54,Salami,Z,C-borough,Neapolitan,Go LLC,0,0,16,0
78538,182,95,178,263,66,1158,151,3,35,Red peppers,X,A-town,Orange Sherbert,Pause Associates,0,0,85,0
79184,186,115,173,321,63,1078,157,30,36,Pepperoni,Y,A-town,Orange Sherbert,Pause Associates,0,0,20,1
78885,133,97,178,308,62,2635,158,0,40,Mushrooms,Y,A-town,Mint,Pause Associates,0,0,73,0
78706,216,117,176,326,32,1390,159,4,49,BBQ Sauce,Z,A-town,Cookies and Cream,Pause Associates,0,0,68,1
78395,208,114,177,335,57,248,159,26,64,Ham,Y,A-town,Pistachio,Stop Inc,0,0,40,1
79242,208,99,180,241,34,3210,148,11,55,Sausage,Z,A-town,Red Velvet,Go LLC,0,0,9,0
78514,169,100,186,324,23,341,153,44,51,Pineapple,Z,A-town,Chocolate,Go LLC,0,0,56,0
78579,183,98,177,321,65,88,152,8,55,Sausage,Z,C-borough,Cookies and Cream,Pause Associates,0,0,58,0
79261,187,104,175,302,39,1507,148,8,47,Basil,Y,A-town,Cheesecake,Go LLC,5,0,61,0
78770,173,100,183,304,43,2196,146,32,49,Extra cheese,Y,A-town,Cookies and Cream,Go LLC,0,0,26,0
78856,149,100,182,306,69,441,151,67,30,Extra cheese,Z,A-town,Vanilla,Pause Associates,0,0,66,0
78881,182,103,180,300,31,2776,160,29,47,Sausage,Y,A-town,Cookies and Cream,Pause Associates,0,0,46,1
78934,223,108,174,283,41,2218,159,15,29,BBQ Sauce,Y,A-town,Cookies and Cream,Pause Associates,0,0,27,1
78971,175,106,187,280,57,585,157,39,64,Ham,Y,A-town,Cheesecake,Pause Associates,0,0,15,1
78976,167,106,182,345,51,662,150,14,39,Tomato,Y,B-ville,Vanilla,Pause Associates,0,0,53,1
78535,197,100,180,293,55,540,153,47,66,Extra cheese,Z,C-borough,Butter Pecan,Go LLC,3,0,30,0
78897,159,107,175,290,56,4226,143,2,42,Extra cheese,Y,C-borough,Neapolitan,Go LLC,6,18,21,0
78780,146,103,177,307,41,572,157,40,39,Spinach,Z,A-town,Red Velvet,Pause Associates,0,12,13,1
79263,197,104,174,284,61,741,150,49,53,Pineapple,Z,B-ville,Cheesecake,Go LLC,0,58,50,0
78466,204,94,181,264,24,3768,158,20,57,Pineapple,Z,C-borough,Butter Pecan,Pause Associates,0,0,93,0
79228,211,103,184,346,52,1112,163,29,35,Pesto,Y,A-town,Pistachio,Pause Associates,0,0,53,1
78377,209,99,180,337,64,427,161,163,41,Basil,Z,B-ville,Chocolate,Pause Associates,0,0,112,1
78479,174,98,177,309,31,1998,147,0,53,Red peppers,Z,A-town,Orange Sherbert,Go LLC,0,0,10,0
78453,222,95,182,274,30,43,153,31,40,Sausage,Y,A-town,Cookies and Cream,Go LLC,0,19,4,0
79007,197,108,182,298,47,957,149,89,55,Ham,Y,A-town,Peach,Pause Associates,0,0,67,0
78865,143,97,176,302,62,335,149,183,55,Tomato,Z,A-town,Mint,Go LLC,0,0,63,0
79166,170,111,179,313,32,2455,160,1,39,Extra cheese,Y,C-borough,Pistachio,Pause Associates,8,0,69,1
79035,209,110,177,277,46,246,173,200,63,Tomato,Y,A-town,Red Velvet,Pause Associates,67396,11,4,1
78869,218,103,185,268,58,1942,150,53,51,Extra cheese,Y,C-borough,Neapolitan,Go LLC,0,0,63,0
79106,203,105,179,326,31,2165,160,70,49,Pineapple,Y,A-town,Butter Pecan,Pause Associates,0,19,22,1
78701,144,108,175,292,22,4669,163,47,65,Pesto,Z,A-town,Orange Sherbert,Stop Inc,0,40,87,1
78750,161,103,180,312,45,439,147,22,50,Extra cheese,Z,C-borough,Strawberry,Go LLC,0,34,77,0
78798,210,109,173,353,28,2338,162,27,46,Pineapple,Y,B-ville,Cheesecake,Pause Associates,7,0,88,1
78348,134,115,171,353,39,183,163,33,45,Pineapple,Z,B-ville,Orange Sherbert,Pause Associates,0,16,20,1
78877,162,98,177,297,46,1849,146,9,47,Oregano,X,C-borough,Coffee,Go LLC,0,0,42,0
78694,227,99,178,301,58,8,154,6,57,Pineapple,Y,C-borough,Cheesecake,Go LLC,0,0,0,0
78344,239,101,177,310,39,6340,147,92,54,Extra cheese,Z,A-town,Strawberry,Go LLC,0,0,83,0
79136,253,102,179,254,23,167,152,16,49,Sausage,Y,A-town,Cookies and Cream,Pause Associates,0,0,24,0
79192,212,90,178,253,36,333,145,10,54,Extra cheese,Y,A-town,Neapolitan,Pause Associates,0,5,6,0
78433,156,97,176,236,30,35,152,51,64,Pineapple,Z,C-borough,Coffee,Go LLC,0,0,36,0
78695,181,99,177,330,45,512,152,77,55,Extra cheese,Z,A-town,Vanilla,Go LLC,3,0,93,0
78435,202,97,174,303,27,218,151,15,48,Basil,Z,C-borough,Cheesecake,Pause Associates,0,24,32,0
79161,228,97,172,313,69,764,145,9,52,Red peppers,Y,A-town,Cookies and Cream,Go LLC,0,0,20,0
78619,129,115,177,293,33,2592,164,2,56,Tomato,X,C-borough,Cookies and Cream,Go LLC,0,0,108,1
78708,187,94,184,274,66,2935,154,110,47,Salami,Z,C-borough,Vanilla,Pause Associates,12,0,30,0
79126,185,116,171,328,27,56,153,49,47,Garlic,Z,C-borough,Pistachio,Pause Associates,0,0,23,1
78576,125,105,176,301,63,3067,158,1,69,Spinach,Z,C-borough,Strawberry,Pause Associates,1,13,21,1
78318,239,105,172,265,23,859,148,22,55,Mushrooms,Y,C-borough,Orange Sherbert,Go LLC,0,0,79,0
78629,198,94,180,308,40,1262,150,15,59,Ham,Y,C-borough,Butter Pecan,Go LLC,1,0,65,0
78518,168,99,179,322,61,945,163,53,34,Chicken,Z,A-town,Orange Sherbert,Pause Associates,0,0,88,1
79193,153,105,178,308,42,285,147,64,52,Garlic,X,A-town,Cheesecake,Go LLC,0,0,63,1
79113,219,109,175,332,25,1259,158,23,40,BBQ Sauce,X,A-town,Cookies and Cream,Pause Associates,2,0,51,1
78564,214,100,173,263,57,2320,145,22,33,Ham,Z,A-town,Orange Sherbert,Pause Associates,0,43,39,0
78671,199,106,175,332,50,2608,155,13,58,BBQ Sauce,Z,B-ville,Orange Sherbert,Pause Associates,0,0,19,1
78922,211,94,188,308,45,4485,138,23,67,Extra cheese,Z,C-borough,Vanilla,Pause Associates,0,0,29,0
79188,172,117,175,287,64,36,161,18,64,Pesto,Z,C-borough,Orange Sherbert,Pause Associates,0,0,74,1
78499,196,112,179,294,34,2169,156,2,57,Pineapple,Z,C-borough,Cheesecake,Pause Associates,0,0,18,1
78312,163,110,176,324,41,557,164,23,35,Pineapple,Y,C-borough,Cheesecake,Pause Associates,7,0,18,1
79005,171,112,174,318,22,582,161,24,44,BBQ Sauce,Z,A-town,Black Cherry,Pause Associates,0,0,18,1
78735,158,113,175,362,43,1013,158,30,42,Spinach,Y,A-town,Red Velvet,Go LLC,0,0,94,1
79174,195,111,177,353,65,1711,165,80,44,Bacon,Z,A-town,Orange Sherbert,Go LLC,0,3,4,1
79138,201,100,184,318,33,147,152,13,59,Bacon,Y,C-borough,Strawberry,Pause Associates,0,0,60,0
78445,183,95,179,304,68,1672,147,5,57,Oregano,Y,A-town,Butter Pecan,Pause Associates,1,0,32,0
78936,180,95,180,295,52,3146,151,8,50,Bacon,Y,B-ville,Coffee,Go LLC,1,0,64,0
78673,203,104,182,279,22,2936,154,50,41,Tomato,Z,C-borough,Cookies and Cream,Go LLC,2,0,50,0
78336,156,108,175,289,23,3323,157,10,44,Tomato,Z,B-ville,Red Velvet,Pause Associates,0,0,58,1
79176,248,103,180,301,38,696,146,11,49,Ham,Z,C-borough,Vanilla,Pause Associates,0,0,26,0
79119,214,101,177,334,23,62,144,27,48,Extra cheese,Z,C-borough,Red Velvet,Go LLC,0,0,63,0
78384,235,95,170,272,66,59,151,31,62,Black olives,Y,A-town,Cookies and Cream,Pause Associates,0,0,41,0
78947,191,104,177,296,35,1128,146,14,51,Ham,Y,A-town,Orange Sherbert,Stop Inc,1,0,15,0
79262,178,100,180,294,52,1031,148,6,33,Extra cheese,Z,C-borough,Red Velvet,Pause Associates,0,4,0,0
78849,176,118,178,293,44,589,162,25,54,Tomato,Y,A-town,Red Velvet,Pause Associates,0,2,2,1
78748,191,112,176,342,63,3760,157,28,45,Pesto,X,C-borough,Cookies and Cream,Pause Associates,0,0,53,1
78978,188,107,172,283,26,1443,152,4,44,Sausage,Z,A-town,Coffee,Go LLC,0,4,9,0
78727,164,96,182,318,60,352,150,54,45,Extra cheese,Z,C-borough,Peach,Go LLC,0,27,30,0
78287,194,107,174,347,62,559,168,16,54,Spinach,Y,B-ville,Cheesecake,Pause Associates,0,0,17,1
78333,186,105,176,292,37,745,164,64,51,Chicken,X,C-borough,Cheesecake,Pause Associates,4,0,96,1
78896,198,96,181,294,69,561,152,8,59,Pineapple,Y,A-town,Chocolate,Go LLC,0,42,94,0
78999,198,100,182,268,62,2665,153,25,49,Salami,Y,C-borough,Strawberry,Pause Associates,0,0,12,0
79156,185,112,167,320,55,2597,164,48,43,Ham,Y,A-town,Black Cherry,Pause Associates,0,0,8,1
78464,189,102,183,298,58,5785,151,14,37,Spinach,Z,A-town,Orange Sherbert,Pause Associates,0,0,43,0
79201,201,100,180,219,24,2549,151,74,44,Ham,Z,A-town,Coffee,Go LLC,0,0,58,0
78407,123,103,180,257,45,623,150,39,33,Ham,Z,A-town,Vanilla,Pause Associates,0,0,32,0
79051,193,99,176,339,20,951,145,29,39,Oregano,X,C-borough,Red Velvet,Pause Associates,0,8,43,0
79034,208,98,175,263,42,987,150,5,45,Spinach,Y,A-town,Orange Sherbert,Pause Associates,0,7,21,0
78926,261,101,179,328,47,3325,152,16,56,Spinach,Z,A-town,Cookies and Cream,Go LLC,0,0,50,0
78815,213,108,172,303,22,546,161,7,40,Pesto,Z,C-borough,Mint,Pause Associates,0,47,49,1
79195,195,107,180,305,69,1452,150,14,50,Extra cheese,Y,A-town,Orange Sherbert,Go LLC,0,0,55,0
78343,255,100,177,346,49,1523,147,9,51,Extra cheese,Y,C-borough,Vanilla,Stop Inc,0,0,28,0
79000,191,108,183,423,23,2362,164,10,63,Spinach,X,A-town,Pistachio,Pause Associates,0,5,34,1
78574,177,102,182,281,22,73,153,41,32,Green peppers,Z,C-borough,Neapolitan,Go LLC,0,22,33,0
78546,236,105,178,317,41,2807,160,6,32,Red peppers,Y,A-town,Red Velvet,Go LLC,0,0,78,0
78995,221,107,175,297,65,6332,156,1,43,Pineapple,X,A-town,Cheesecake,Pause Associates,0,0,45,1
79190,218,100,182,285,29,959,146,30,51,Sausage,Y,C-borough,Red Velvet,Pause Associates,0,0,0,0
79105,240,101,181,259,42,2358,145,1,46,Sausage,Y,A-town,Red Velvet,Pause Associates,0,0,21,0
78658,209,98,174,230,20,2463,153,2,57,Bacon,Z,C-borough,Neapolitan,Pause Associates,0,0,28,0
78731,244,106,170,310,44,1654,157,79,38,Sausage,X,B-ville,Mint,Pause Associates,0,0,18,1
79076,263,90,172,305,54,3455,153,28,39,Extra cheese,Z,A-town,Neapolitan,Go LLC,0,0,39,0
79170,195,107,171,278,57,25,162,2,31,Pineapple,Y,C-borough,Cheesecake,Go LLC,0,0,111,1
78474,205,102,182,303,46,825,150,19,32,Extra cheese,Y,C-borough,Mint,Pause Associates,6,0,21,0
79043,137,110,173,361,54,3528,161,25,42,BBQ Sauce,X,A-town,Chocolate,Pause Associates,0,0,79,1
78968,165,111,173,286,56,742,164,4,36,Pesto,Y,C-borough,Cookies and Cream,Pause Associates,0,0,45,1
78339,159,106,178,324,28,4020,150,158,48,Pineapple,X,A-town,Pistachio,Pause Associates,3,0,9,1
79171,205,108,176,312,22,1310,155,5,61,Mushrooms,Y,C-borough,Red Velvet,Go LLC,1,0,4,0
78704,189,113,179,326,42,747,160,38,60,BBQ Sauce,Y,B-ville,Black Cherry,Pause Associates,0,4,80,1
78373,208,98,178,288,47,4176,148,11,51,Pesto,Z,C-borough,Vanilla,Pause Associates,0,5,93,0
79204,204,100,183,318,43,1417,146,30,42,Ham,Z,C-borough,Orange Sherbert,Pause Associates,1,0,45,0
78682,184,100,178,242,65,3721,153,7,46,BBQ Sauce,Y,C-borough,Strawberry,Go LLC,0,23,38,0
78689,220,118,188,291,19,203,161,112,42,Pesto,Y,C-borough,Coffee,Pause Associates,0,0,54,1
79211,211,102,180,319,38,5959,153,9,35,Bacon,Z,A-town,Vanilla,Pause Associates,0,11,37,0
78524,167,104,179,293,34,3909,149,20,67,Pineapple,Z,A-town,Red Velvet,Go LLC,0,0,20,0
78605,149,110,181,325,50,407,158,1,47,Garlic,X,C-borough,Vanilla,Pause Associates,0,0,13,1
79120,186,98,175,272,31,388,152,21,26,Sausage,Z,A-town,Cheesecake,Pause Associates,0,0,23,0
78988,197,95,180,283,61,4601,150,2,48,Extra cheese,Y,C-borough,Red Velvet,Pause Associates,0,0,35,0
78319,139,112,178,284,21,885,161,47,44,Extra cheese,Y,A-town,Cheesecake,Go LLC,0,29,15,1
78285,191,117,177,351,43,2829,163,1,43,BBQ Sauce,X,C-borough,Cheesecake,Stop Inc,0,0,70,1
79237,210,98,179,292,51,418,147,56,25,Pineapple,Z,C-borough,Chocolate,Pause Associates,0,0,39,0
78532,205,97,172,319,66,686,151,4,52,Red peppers,Z,A-town,Orange Sherbert,Go LLC,2,0,82,0
78951,169,97,184,281,52,1483,153,33,66,Oregano,Z,A-town,Vanilla,Stop Inc,0,8,13,0
78734,196,95,178,321,34,1486,149,18,58,Tomato,Z,A-town,Vanilla,Pause Associates,0,0,50,0
78985,212,95,183,325,37,1653,152,5,72,Salami,Z,A-town,Mint,Pause Associates,25,0,33,0
78402,239,97,187,240,60,2946,149,20,51,Mushrooms,Y,C-borough,Cookies and Cream,Go LLC,0,0,21,0
78414,209,97,177,284,22,164,145,102,45,Red peppers,Y,C-borough,Neapolitan,Go LLC,0,0,116,0
78528,241,98,175,309,34,832,146,52,51,Oregano,Z,B-ville,Vanilla,Pause Associates,0,29,32,0
79083,206,92,175,334,46,2054,153,48,50,BBQ Sauce,Z,C-borough,Vanilla,Go LLC,5,0,24,0
78423,193,97,178,339,35,2709,147,49,47,Green peppers,Z,B-ville,Vanilla,Pause Associates,0,0,112,0
78394,173,92,172,312,52,486,155,23,58,Oregano,Z,A-town,Vanilla,Pause Associates,0,0,7,0
78519,159,111,178,258,30,51,150,15,65,Pesto,Y,C-borough,Orange Sherbert,Pause Associates,0,0,62,0
78565,200,96,177,235,27,935,149,16,46,Pineapple,Z,C-borough,Chocolate,Pause Associates,0,0,48,0
79265,185,109,177,306,33,1130,163,53,49,Ham,Y,B-ville,Vanilla,Pause Associates,2,0,41,1
78591,139,106,180,385,64,1626,170,39,57,Pesto,Z,A-town,Neapolitan,Pause Associates,1,0,78,1
78488,214,99,173,311,34,5662,148,4,46,Mushrooms,Y,C-borough,Orange Sherbert,Go LLC,0,0,44,0
78908,218,95,175,247,46,1986,149,22,37,Sausage,Y,C-borough,Peach,Pause Associates,0,0,62,0
78350,252,99,174,271,52,981,154,94,41,Oregano,Z,C-borough,Cookies and Cream,Pause Associates,0,0,61,0
79199,216,99,179,266,38,1655,150,45,65,Extra cheese,Z,A-town,Orange Sherbert,Pause Associates,0,0,76,0
78997,188,100,180,313,23,1498,146,28,50,Extra cheese,Z,C-borough,Chocolate,Go LLC,0,0,25,0
78679,198,98,180,260,42,723,152,148,64,Ham,Z,A-town,Red Velvet,Pause Associates,0,0,70,0
78763,225,100,180,289,64,724,156,47,59,Ham,Y,A-town,Orange Sherbert,Pause Associates,0,0,10,0
79123,193,100,174,310,31,2175,159,16,51,Pesto,Y,A-town,Coffee,Pause Associates,0,0,33,1
78662,193,109,182,281,50,277,165,47,44,Pineapple,Z,B-ville,Vanilla,Pause Associates,0,0,20,1
78290,169,109,170,335,28,469,154,8,46,Black olives,Y,A-town,Vanilla,Pause Associates,0,3,8,1
78633,168,102,168,347,65,1671,144,20,53,Pesto,Z,C-borough,Peach,Go LLC,10,16,0,0
79191,192,101,185,293,66,481,156,30,47,Red peppers,Y,C-borough,Vanilla,Go LLC,0,0,41,0
78551,215,105,177,234,45,266,155,3,44,Pineapple,Z,C-borough,Cheesecake,Go LLC,0,0,104,0
79246,182,107,178,342,45,2137,165,70,43,Ham,Y,A-town,Cheesecake,Go LLC,0,32,25,1
78613,186,109,183,326,20,3211,160,86,52,Pineapple,Y,C-borough,Pistachio,Go LLC,0,0,110,1
78468,136,102,177,321,24,1187,150,35,45,Spinach,Y,C-borough,Mint,Pause Associates,0,0,17,0
78367,183,104,171,290,41,261,149,16,52,Ham,Y,A-town,Cheesecake,Pause Associates,0,0,65,0
78454,217,100,174,297,60,2873,155,10,58,Spinach,Z,A-town,Vanilla,Pause Associates,0,0,49,0
78628,244,101,184,288,26,7919,158,13,45,Mushrooms,Z,A-town,Cheesecake,Go LLC,0,57,68,0
78707,191,109,178,379,47,59,165,4,56,BBQ Sauce,Y,C-borough,Coffee,Pause Associates,0,0,62,1
78349,211,105,180,366,69,1393,146,16,60,Bacon,Z,C-borough,Butter Pecan,Go LLC,0,0,43,0
78482,222,91,175,347,22,3278,147,20,50,Pineapple,Y,A-town,Strawberry,Pause Associates,0,0,80,0
78400,175,100,181,301,54,4490,149,1,51,Pineapple,Y,A-town,Orange Sherbert,Go LLC,0,0,40,0
78984,187,107,177,295,60,448,158,1,61,Tomato,X,A-town,Vanilla,Pause Associates,0,0,9,1
79070,178,100,184,298,27,3772,147,28,55,Pineapple,Y,C-borough,Coffee,Go LLC,0,0,14,0
78639,168,99,178,293,40,1764,154,26,51,Pesto,Y,C-borough,Neapolitan,Pause Associates,0,3,39,0
78752,174,99,175,274,51,964,151,9,69,Chicken,Y,A-town,Orange Sherbert,Go LLC,0,5,90,0
78767,170,104,173,323,36,915,143,145,40,Sausage,Y,A-town,Cheesecake,Go LLC,0,0,74,0
78298,197,105,177,304,65,4860,147,43,51,Pesto,Y,C-borough,Mint,Go LLC,1,6,13,0
78413,225,97,184,280,35,21,149,15,72,Spinach,Z,A-town,Butter Pecan,Pause Associates,0,0,41,0
79257,122,102,175,263,59,1585,155,0,44,Extra cheese,Z,A-town,Strawberry,Go LLC,3,0,17,0
78688,193,113,171,312,52,1687,153,24,39,Pineapple,Y,C-borough,Coffee,Pause Associates,0,39,57,1
78358,182,101,174,292,22,2145,151,49,50,Pineapple,Z,A-town,Neapolitan,Go LLC,0,0,36,0
79075,184,115,176,339,57,85,163,82,40,Pineapple,Y,A-town,Cheesecake,Go LLC,0,0,15,1
78601,119,116,177,331,59,31,158,19,57,BBQ Sauce,Y,C-borough,Chocolate,Pause Associates,0,0,45,1
78888,204,92,176,292,45,1588,155,15,52,Red peppers,Y,A-town,Coffee,Go LLC,0,28,62,0
78765,216,98,178,289,41,1004,146,38,63,Ham,Y,C-borough,Cookies and Cream,Go LLC,0,0,55,0
78497,239,96,178,310,25,223,150,8,50,BBQ Sauce,Z,A-town,Peach,Pause Associates,0,0,19,0
79021,261,98,180,278,63,2763,145,0,46,Ham,Z,C-borough,Pistachio,Pause Associates,0,0,22,0
79264,169,101,180,259,54,162,148,43,26,Extra cheese,Y,A-town,Cookies and Cream,Pause Associates,0,0,4,0
79103,168,115,174,281,45,1746,165,54,63,Black olives,Z,C-borough,Vanilla,Pause Associates,13,0,52,1
79081,184,107,173,261,52,152,161,1,46,Pineapple,Z,C-borough,Orange Sherbert,Pause Associates,0,0,48,1
78705,204,110,179,328,29,3460,157,84,48,Pineapple,Z,C-borough,Cookies and Cream,Pause Associates,0,0,22,1
78345,194,102,172,372,45,932,147,7,46,Spinach,Y,B-ville,Cheesecake,Pause Associates,0,0,18,0
78504,166,105,186,274,39,620,147,30,51,Sausage,Y,A-town,Red Velvet,Go LLC,0,0,11,0
