user_id,favorite_pizza_topping,favorite_ice_cream_flavor,apm,income,grade,height,reaction_time,city,age,company,kappa_ability,weight,amount,gregariousness,9,4,13,14,0,11,6,3,12,7
78389,Pineapple,Red Velvet,154,100,Z,176,353,A-town,47,Pause Associates,6291,149,10,48,,,,,,,,,,
79235,Ham,Red Velvet,193,95,Y,182,250,C-borough,20,Go LLC,4765,-234,19,62,,,,,,,,,,
78816,Pineapple,,180,97,Z,177,311,A-town,67,Pause Associates,4360,145,41,57,,,,,,,,,,
78961,Black olives,Peach,168,99,Z,184,320,A-town,48,Pause Associates,3663,148,105,43,,,,,,,,,,
78427,Red peppers,Red Velvet,207,105,X,999,329,A-town,35,Pause Associates,149,146,53,58,,,,,,,,,,
78412,Tomato,Cookies and Cream,140,104,,999,276,C-borough,30,Pause Associates,755,164,54,39,,,,,,,,,,
78676,Pepperoni,Vanilla,174,111,X,175,348,A-town,33,Pause Associates,785,152,83,44,,,,,,,,,,
78276,Sausage,,164,113,X,178,319,C-borough,60,Pause Associates,1715,162,16,52,,,,,,,,,,
79253,Basil,Mint,201,104,Y,182,336,A-town,38,Pause Associates,482,153,34,50,,,,,,,,,,
79139,Tomato,Cheesecake,129,111,Z,177,396,A-town,22,,3653,157,44,45,,,,,,,,,,
78572,Extra cheese,Vanilla,197,106,Z,183,298,A-town,69,Go LLC,4872,144,46,40,,,,,,,,,,
78945,Pineapple,Vanilla,175,107,Z,181,319,A-town,24,Pause Associates,325,155,39,52,,,,,,,,,,
79226,Sausage,Cookies and Cream,189,102,Y,172,331,A-town,67,Go LLC,1370,145,46,51,,,,,,,,,,
79073,Extra cheese,Neapolitan,229,102,X,176,298,C-borough,34,Go LLC,4666,153,28,55,,,,,,,,,,
79013,Spinach,Coffee,202,100,Y,179,239,A-town,34,Pause Associates,1384,144,29,33,,,,,,,,,,
78301,Red peppers,Pistachio,210,102,Y,175,321,A-town,31,Pause Associates,269,154,2,68,,,,,,,,,,
78746,Pineapple,Cheesecake,163,120,Z,181,349,C-borough,41,,1259,165,32,53,,,,,,,,,,
78385,Pineapple,Red Velvet,204,98,Z,173,356,A-town,37,,4725,148,8,41,,,,,,,,,,
78723,Ham,Orange Sherbert,173,101,Z,181,336,B-ville,21,,450,150,2,65,,,,,,,,,,
78806,BBQ Sauce,Red Velvet,170,114,Z,170,343,B-ville,54,Pause Associates,8422,160,41,51,,,,,,,,,,
78834,Sausage,Mint,208,96,Z,174,328,A-town,40,Go LLC,792,149,1,37,,,,,,,,,,
78311,Mushrooms,Strawberry,169,99,Y,181,349,A-town,28,Go LLC,648,151,13,32,,,,,,,,,,
78974,Ham,Mint,198,101,Y,183,347,A-town,27,Go LLC,3339,151,10,48,,,,,,,,,,
79065,Pineapple,Orange Sherbert,213,97,Z,180,341,C-borough,32,Pause Associates,135,144,50,48,,,,,,,,,,
78964,Oregano,Red Velvet,195,99,Y,179,344,A-town,58,Go LLC,857,147,11,54,,,,,,,,,,
79202,BBQ Sauce,Orange Sherbert,199,111,,171,359,B-ville,60,Pause Associates,954,157,4,35,,,,,,,,,,
78443,Ham,Chocolate,157,97,Y,179,260,C-borough,59,Go LLC,1136,145,8,40,,,,,,,,,,
79180,,Vanilla,172,108,Z,172,335,A-town,48,Pause Associates,5714,166,20,38,,,,,,,,,,
78533,Mushrooms,Cookies and Cream,232,101,Y,176,278,,31,Go LLC,815,146,5,63,,,,,,,,,,
78288,Pepperoni,Chocolate,180,119,Z,179,300,C-borough,20,Pause Associates,2935,162,45,44,,,,,,,,,,
78411,BBQ Sauce,Black Cherry,151,109,X,174,341,A-town,51,Pause Associates,166,168,24,31,,,,,,,,,,
78421,Extra cheese,Orange Sherbert,180,106,X,181,327,A-town,57,Go LLC,630,149,7,49,,,,,,,,,,
79220,Tomato,Red Velvet,164,112,X,175,299,A-town,46,Pause Associates,2167,163,96,54,,,,,,,,,,
78403,Extra cheese,Butter Pecan,189,107,Y,173,310,A-town,22,Go LLC,271,147,35,48,,,,,,,,,,
78342,Bacon,Neapolitan,235,93,,184,320,C-borough,61,Go LLC,1137,153,27,40,,,,,,,,,,
79093,Ham,Orange Sherbert,217,99,Z,175,279,B-ville,58,Go LLC,110,149,8,38,,,,,,,,,,
78607,Pineapple,Vanilla,243,97,Z,182,290,C-borough,23,Pause Associates,271,145,82,57,,,,,,,,,,
78772,Sausage,Strawberry,232,95,Z,181,306,A-town,20,Go LLC,885,150,140,56,,,,,,,,,,
78781,Sausage,Cheesecake,154,99,Z,185,283,A-town,23,Pause Associates,711,158,0,33,,,,,,,,,,
78783,Red peppers,Butter Pecan,203,99,Y,176,298,A-town,48,Pause Associates,366,147,38,60,,,,,,,,,,
78364,Green peppers,Peach,162,98,Z,182,334,C-borough,40,Go LLC,781,150,8,46,,,,,,,,,,
78368,Mushrooms,Neapolitan,201,99,Z,182,314,A-town,61,Pause Associates,969,150,45,46,,,,,,,,,,
78428,Salami,Butter Pecan,227,100,Z,180,302,C-borough,64,Pause Associates,1122,145,158,33,,,,,,,,,,
78792,Pineapple,Red Velvet,207,106,Z,179,342,C-borough,54,Pause Associates,5855,153,17,42,,,,,,,,,,
78353,,Cookies and Cream,205,97,Y,186,290,C-borough,27,Pause Associates,329,148,79,56,,,,,,,,,,
78800,Sausage,Cheesecake,200,91,X,177,296,A-town,39,Go LLC,164,149,6,55,,,,,,,,,,
78635,Ham,Cookies and Cream,197,103,Y,178,304,A-town,68,Go LLC,334,148,15,46,,,,,,,,,,
79234,Black olives,Mint,248,99,,181,331,B-ville,58,Go LLC,636,152,96,55,,,,,,,,,,
78561,Red peppers,Orange Sherbert,143,99,X,176,316,C-borough,27,Pause Associates,3993,146,46,54,,,,,,,,,,
78691,Pineapple,Vanilla,250,97,Y,999,305,B-ville,49,Pause Associates,304,153,22,60,,,,,,,,,,
78346,Extra cheese,Peach,196,104,Z,171,290,C-borough,69,,1915,142,15,49,,,,,,,,,,
78270,,,175,114,X,178,318,A-town,37,Pause Associates,141,152,19,58,,,,,,,,,,
78337,Mushrooms,Vanilla,197,99,Z,175,316,C-borough,23,Pause Associates,1251,155,2,45,,,,,,,,,,
78653,Red peppers,Red Velvet,216,94,Z,180,244,C-borough,44,,242,145,54,54,,,,,,,,,,
78388,Red peppers,Peach,223,97,Z,177,302,A-town,40,Pause Associates,295,147,75,50,,,,,,,,,,
79022,Ham,Vanilla,163,89,Z,178,275,A-town,39,Pause Associates,1851,147,16,67,,,,,,,,,,
78489,Bacon,Chocolate,181,106,,186,291,C-borough,48,Pause Associates,152,148,13,36,,,,,,,,,,
78608,Red peppers,Coffee,181,94,,187,286,A-town,29,Go LLC,2992,152,5,50,,,,,,,,,,
79203,Red peppers,Mint,188,94,,174,261,C-borough,43,Go LLC,1768,151,20,43,,,,,,,,,,
78302,Bacon,Red Velvet,219,105,Z,180,312,A-town,43,Pause Associates,1605,148,71,36,,,,,,,,,,
78399,Spinach,Cheesecake,225,98,Z,174,304,,39,Pause Associates,6813,150,1,44,,,,,,,,,,
78756,Ham,Butter Pecan,205,96,Z,177,242,C-borough,52,Pause Associates,1196,158,65,30,,,,,,,,,,
78616,,Cookies and Cream,198,105,Z,178,350,C-borough,35,Pause Associates,3781,162,18,44,,,,,,,,,,
79162,Garlic,,215,112,Y,170,355,C-borough,45,Pause Associates,355,-100,11,53,,,,,,,,,,
79260,Tomato,Butter Pecan,185,109,Y,172,284,A-town,45,Pause Associates,219,168,44,50,,,,,,,,,,
78429,Red peppers,Red Velvet,244,100,Y,173,331,C-borough,22,Go LLC,2373,148,5,57,,,,,,,,,,
78271,Red peppers,Coffee,184,101,Z,185,295,A-town,44,Pause Associates,920,153,79,52,,,,,,,,,,
78559,Black olives,Chocolate,186,110,Z,175,406,A-town,45,Stop Inc,892,166,68,60,,,,,,,,,,
79122,Tomato,Cookies and Cream,163,103,Z,180,333,A-town,34,,182,161,29,36,,,,,,,,,,
79011,Sausage,Butter Pecan,219,105,Y,185,338,A-town,35,Pause Associates,618,153,32,58,,,,,,,,,,
78442,,Orange Sherbert,157,103,Z,179,275,A-town,29,Go LLC,1039,150,28,37,,,,,,,,,,
78308,Pesto,Cheesecake,138,109,X,182,340,C-borough,53,Pause Associates,902,151,37,39,,,,,,,,,,
79074,Tomato,Orange Sherbert,200,97,Z,176,319,,60,Pause Associates,1350,145,83,45,,,,,,,,,,
78547,Sausage,Pistachio,170,107,,178,351,B-ville,37,Pause Associates,2684,156,2,46,,,,,,,,,,
78886,Oregano,Strawberry,187,101,Z,178,275,C-borough,41,Go LLC,47,141,109,60,,,,,,,,,,
79121,Ham,Neapolitan,224,102,Z,999,304,A-town,41,Pause Associates,929,149,2,46,,,,,,,,,,
79224,Pesto,Cookies and Cream,176,109,Y,173,354,A-town,27,,57,160,37,41,,,,,,,,,,
79183,Chicken,Vanilla,200,97,Z,175,265,C-borough,53,Go LLC,474,149,78,24,,,,,,,,,,
78841,Garlic,Orange Sherbert,151,117,Z,175,319,A-town,45,Pause Associates,3418,165,9,50,,,,,,,,,,
78359,Chicken,Strawberry,172,95,Z,185,207,A-town,31,Go LLC,3436,146,53,52,,,,,,,,,,
78569,Extra cheese,Cheesecake,199,113,Y,173,344,B-ville,55,Pause Associates,1154,163,42,47,,,,,,,,,,
79033,Ham,Neapolitan,149,96,Y,185,294,C-borough,38,Pause Associates,504,148,10,30,,,,,,,,,,
79214,Spinach,Pistachio,188,107,Y,175,314,C-borough,54,Pause Associates,2633,153,56,43,,,,,,,,,,
78459,Extra cheese,Cheesecake,158,102,Z,178,324,A-town,40,Stop Inc,441,146,28,45,,,,,,,,,,
78615,Tomato,Orange Sherbert,202,107,Y,177,327,A-town,30,Pause Associates,679,171,10,29,,,,,,,,,,
78666,Garlic,Pistachio,167,106,Z,182,381,B-ville,35,Pause Associates,2202,161,46,55,,,,,,,,,,
78737,Extra cheese,Cookies and Cream,195,98,Z,177,278,C-borough,34,Pause Associates,1367,148,46,38,,,,,,,,,,
78826,Extra cheese,Neapolitan,250,111,Y,172,315,,33,Stop Inc,3195,147,15,56,,,,,,,,,,
78581,Pesto,Orange Sherbert,177,105,Y,181,353,A-town,57,Pause Associates,2691,160,57,44,,,,,,,,,,
78836,Red peppers,Strawberry,198,98,Z,174,305,A-town,29,Go LLC,2142,154,1,51,,,,,,,,,,
78817,Ham,Pistachio,221,100,Z,175,294,A-town,49,Pause Associates,1276,150,1,48,,,,,,,,,,
79169,Tomato,Orange Sherbert,220,104,Z,178,297,A-town,25,Pause Associates,363,143,1,47,,,,,,,,,,
78661,Pineapple,Pistachio,170,101,Y,171,326,A-town,33,Pause Associates,1936,168,117,44,,,,,,,,,,
78493,Spinach,Chocolate,194,111,Y,174,363,C-borough,29,,1466,160,8,40,,,,,,,,,,
78838,Bacon,Butter Pecan,195,95,,179,317,A-town,60,Pause Associates,2108,150,15,30,,,,,,,,,,
78957,Spinach,Strawberry,205,99,Y,177,252,C-borough,61,Go LLC,414,150,27,36,,,,,,,,,,
78543,Red peppers,,236,99,Z,176,252,A-town,28,Go LLC,161,149,43,46,,,,,,,,,,
79130,Mushrooms,Butter Pecan,222,103,Z,172,244,C-borough,65,Go LLC,2107,147,83,63,,,,,,,,,,
78839,Basil,Vanilla,190,102,Y,183,306,C-borough,50,Pause Associates,1101,148,14,74,,,,,,,,,,
78784,Salami,Red Velvet,244,104,Z,183,372,A-town,69,Pause Associates,370,142,14,34,,,,,,,,,,
78782,Red peppers,Red Velvet,209,99,Z,182,285,A-town,40,Go LLC,772,147,25,45,,,,,,,,,,
78480,Ham,Cheesecake,162,106,Z,176,361,A-town,65,Go LLC,1270,166,6,26,,,,,,,,,,
78396,Red peppers,Strawberry,211,102,Y,178,297,A-town,36,Pause Associates,3593,147,29,40,,,,,,,,,,
78570,Salami,Vanilla,160,99,Z,180,276,,52,Go LLC,170,154,17,74,,,,,,,,,,
78315,Spinach,Pistachio,207,116,Y,999,329,A-town,43,Pause Associates,425,166,47,37,,,,,,,,,,
79037,Pineapple,Red Velvet,152,105,Y,171,331,C-borough,64,Go LLC,1315,159,38,36,,,,,,,,,,
78890,Extra cheese,Red Velvet,176,99,X,170,268,A-town,60,Go LLC,3060,146,55,62,,,,,,,,,,
78630,Pesto,Vanilla,174,107,Z,173,294,C-borough,45,Pause Associates,482,151,78,59,,,,,,,,,,
79133,Black olives,Vanilla,155,105,Y,178,293,B-ville,63,Pause Associates,1457,157,12,48,,,,,,,,,,
78939,BBQ Sauce,Mint,274,105,Z,171,296,,67,Go LLC,223,146,32,53,,,,,,,,,,
78703,Extra cheese,Neapolitan,267,97,Y,176,301,,51,Go LLC,44,144,8,41,,,,,,,,,,
78631,Spinach,Chocolate,177,108,Y,170,318,A-town,56,Go LLC,1709,160,39,37,,,,,,,,,,
79236,Black olives,Cheesecake,155,105,Y,174,341,A-town,26,Go LLC,170,164,18,66,,,,,,,,,,
78686,Tomato,,178,119,Z,173,273,A-town,49,Pause Associates,850,163,5,46,,,,,,,,,,
78909,Black olives,,184,98,Z,183,318,A-town,57,Go LLC,2405,148,19,47,,,,,,,,,,
78825,BBQ Sauce,Mint,218,101,Y,188,241,A-town,21,Pause Associates,1016,153,7,55,,,,,,,,,,
79154,Sausage,Vanilla,227,109,X,176,304,A-town,34,Pause Associates,180,162,2,53,,,,,,,,,,
78854,Pineapple,Neapolitan,232,90,Z,183,316,C-borough,48,Pause Associates,940,153,51,52,,,,,,,,,,
78455,Extra cheese,Red Velvet,162,93,Y,168,298,C-borough,56,Pause Associates,548,152,11,58,,,,,,,,,,
78320,Bacon,Vanilla,189,105,X,170,342,B-ville,23,Pause Associates,555,161,8,43,,,,,,,,,,
78439,Extra cheese,Chocolate,199,101,Z,999,307,C-borough,52,Go LLC,783,150,6,28,,,,,,,,,,
78871,Red peppers,Orange Sherbert,221,95,Y,178,335,,37,Stop Inc,203,152,159,57,,,,,,,,,,
79032,Salami,Strawberry,148,95,Y,176,296,C-borough,24,Pause Associates,800,151,6,56,,,,,,,,,,
78863,Sausage,,180,96,Y,173,305,A-town,23,Go LLC,3569,151,4,24,,,,,,,,,,
79118,Oregano,Cookies and Cream,182,109,Z,170,278,A-town,55,Pause Associates,1470,167,38,42,,,,,,,,,,
78306,Red peppers,Orange Sherbert,195,102,Z,178,270,A-town,48,Go LLC,2453,146,9,58,,,,,,,,,,
79241,Bacon,Cookies and Cream,225,97,Z,177,297,C-borough,37,,268,147,21,50,,,,,,,,,,
78600,Chicken,Vanilla,157,94,Y,177,353,A-town,52,Pause Associates,357,150,4,57,,,,,,,,,,
78550,Sausage,Red Velvet,206,101,Y,183,322,A-town,36,Go LLC,1575,148,38,54,,,,,,,,,,
78678,Spinach,Neapolitan,211,97,Z,175,290,A-town,44,Pause Associates,1475,148,7,59,,,,,,,,,,
78777,Ham,Orange Sherbert,223,97,Z,179,334,C-borough,34,,1465,156,36,66,,,,,,,,,,
78484,Sausage,Red Velvet,179,105,X,168,305,C-borough,57,Pause Associates,774,156,14,53,,,,,,,,,,
79140,Pineapple,Cookies and Cream,166,103,,182,247,A-town,51,Stop Inc,3271,147,4,50,,,,,,,,,,
78712,Salami,Cheesecake,221,106,Y,180,328,A-town,29,Stop Inc,4282,-123,7,45,,,,,,,,,,
78677,Extra cheese,Peach,172,100,,180,279,A-town,26,Pause Associates,1999,148,24,39,,,,,,,,,,
78469,Red peppers,Cheesecake,272,101,Y,181,321,C-borough,21,Pause Associates,4,149,12,59,,,,,,,,,,
78347,Pineapple,Vanilla,154,98,Z,177,298,A-town,27,Go LLC,3139,144,10,66,,,,,,,,,,
78476,Pineapple,Strawberry,276,99,Y,181,293,A-town,38,Go LLC,812,149,11,57,,,,,,,,,,
78851,Red peppers,Peach,195,94,Z,173,326,C-borough,54,Pause Associates,994,146,37,39,,,,,,,,,,
79077,Oregano,Cheesecake,194,115,X,174,340,A-town,63,Go LLC,4028,165,22,41,,,,,,,,,,
78880,Pineapple,Cookies and Cream,203,97,Y,175,268,A-town,57,Pause Associates,1365,153,23,52,,,,,,,,,,
79248,Ham,Red Velvet,158,97,Z,171,266,C-borough,59,Go LLC,3346,141,3,52,,,,,,,,,,
78430,Tomato,Cookies and Cream,143,101,Z,179,317,A-town,35,Go LLC,6396,149,4,51,,,,,,,,,,
78824,Bacon,Butter Pecan,208,102,X,173,276,A-town,56,Pause Associates,2167,153,45,51,,,,,,,,,,
78444,Oregano,Cookies and Cream,178,108,Z,172,322,A-town,39,Stop Inc,157,160,38,53,,,,,,,,,,
78905,Extra cheese,Vanilla,222,97,Z,181,339,A-town,45,Pause Associates,1156,153,55,66,,,,,,,,,,
79038,Sausage,Neapolitan,180,103,Z,999,325,A-town,38,Go LLC,1788,145,18,47,,,,,,,,,,
78879,Pineapple,Red Velvet,159,101,X,181,218,A-town,38,Pause Associates,2905,164,57,48,,,,,,,,,,
78805,,Red Velvet,214,97,Y,188,368,A-town,37,Go LLC,1871,139,20,66,,,,,,,,,,
78738,Red peppers,Strawberry,163,93,Z,180,279,C-borough,52,Pause Associates,1760,151,0,58,,,,,,,,,,
78506,Ham,,210,94,Y,174,358,,49,Pause Associates,2285,153,2,52,,,,,,,,,,
78556,Pineapple,Pistachio,159,106,X,173,290,A-town,38,Pause Associates,1651,157,71,45,,,,,,,,,,
79057,BBQ Sauce,,202,107,X,178,328,C-borough,58,Pause Associates,215,160,8,59,,,,,,,,,,
78741,Oregano,Vanilla,193,101,Y,171,390,B-ville,38,Pause Associates,1170,148,23,43,,,,,,,,,,
78557,BBQ Sauce,Cookies and Cream,159,107,X,176,334,B-ville,44,Pause Associates,516,164,37,57,,,,,,,,,,
78807,Black olives,Coffee,167,106,Y,177,310,A-town,60,,495,160,0,49,,,,,,,,,,
78942,Extra cheese,Peach,165,100,Z,186,260,A-town,29,Go LLC,1670,147,5,42,,,,,,,,,,
78632,BBQ Sauce,Peach,184,101,X,174,318,A-town,37,Go LLC,2090,149,70,43,,,,,,,,,,
79145,Mushrooms,Chocolate,261,100,Y,183,302,B-ville,40,Go LLC,120,157,131,58,,,,,,,,,,
78955,,Strawberry,202,95,Z,174,284,A-town,21,Go LLC,569,149,17,50,,,,,,,,,,
78424,Tomato,Vanilla,192,96,Z,178,300,A-town,41,Pause Associates,4177,155,6,62,,,,,,,,,,
78426,Tomato,Neapolitan,229,104,Z,174,220,A-town,29,Go LLC,465,154,24,33,,,,,,,,,,
78335,Green peppers,Mint,176,94,Y,172,313,C-borough,21,Pause Associates,655,150,159,41,,,,,,,,,,
78496,Pesto,Chocolate,170,108,Z,175,303,B-ville,30,Go LLC,6270,162,3,48,,,,,,,,,,
78837,Tomato,Chocolate,200,109,Z,182,336,A-town,37,Pause Associates,999,157,38,40,,,,,,,,,,
79089,Pineapple,Mint,182,114,Y,177,264,A-town,52,Pause Associates,2797,160,22,50,,,,,,,,,,
79158,Extra cheese,Butter Pecan,227,103,Z,175,321,A-town,23,Go LLC,108,146,19,45,,,,,,,,,,
78762,Sausage,Orange Sherbert,162,99,Z,178,316,A-town,27,Pause Associates,1814,159,2,57,,,,,,,,,,
78386,Extra cheese,Chocolate,229,95,Z,180,297,A-town,66,Pause Associates,2299,150,17,54,,,,,,,,,,
79179,Red peppers,Orange Sherbert,211,95,Z,184,291,A-town,37,Go LLC,364,156,0,41,,,,,,,,,,
78334,Mushrooms,Chocolate,169,106,Y,999,397,A-town,19,Pause Associates,1336,160,25,57,,,,,,,,,,
79207,Chicken,Cookies and Cream,100,106,Z,173,284,A-town,26,,2339,162,37,31,,,,,,,,,,
78720,Black olives,Orange Sherbert,155,106,,169,279,C-borough,27,Go LLC,3284,149,17,58,,,,,,,,,,
78381,Sausage,Peach,221,104,Y,178,381,A-town,62,Go LLC,365,151,3,62,,,,,,,,,,
79189,Black olives,Cheesecake,203,105,Y,171,314,A-town,29,Pause Associates,2739,160,32,49,,,,,,,,,,
78447,,Chocolate,144,107,Y,179,356,A-town,48,Pause Associates,2812,159,19,45,,,,,,,,,,
78621,Pineapple,Strawberry,183,97,Y,182,306,A-town,29,Pause Associates,1189,145,7,54,,,,,,,,,,
79020,Spinach,Mint,156,95,Y,172,301,C-borough,63,Go LLC,2053,142,1,47,,,,,,,,,,
78340,Bacon,Red Velvet,172,101,Z,180,334,A-town,68,Pause Associates,1181,148,40,50,,,,,,,,,,
78827,Sausage,Vanilla,147,98,,180,336,C-borough,34,Go LLC,1420,158,18,45,,,,,,,,,,
78295,Sausage,Pistachio,184,109,Y,180,357,C-borough,21,Pause Associates,1332,153,3,48,,,,,,,,,,
78814,Extra cheese,Neapolitan,137,97,Z,178,262,C-borough,22,Pause Associates,818,152,22,50,,,,,,,,,,
79015,Pineapple,Orange Sherbert,180,105,,175,250,B-ville,31,Pause Associates,526,160,37,48,,,,,,,,,,
79097,Ham,Peach,184,105,,182,287,A-town,24,Go LLC,610,150,26,52,,,,,,,,,,
78902,Bacon,Red Velvet,257,104,Y,181,303,C-borough,46,,66,151,46,54,,,,,,,,,,
79109,Black olives,Vanilla,170,108,Y,174,309,C-borough,31,Pause Associates,793,156,7,43,,,,,,,,,,
78460,Oregano,Chocolate,153,97,Z,173,258,A-town,27,Go LLC,1104,148,18,35,,,,,,,,,,
79266,Extra cheese,Butter Pecan,231,100,Z,185,356,A-town,22,Go LLC,491,145,42,47,,,,,,,,,,
78901,Extra cheese,Orange Sherbert,169,98,Z,176,296,A-town,22,Go LLC,5274,149,5,45,,,,,,,,,,
78376,Ham,Vanilla,167,96,Z,177,242,C-borough,36,Go LLC,179,151,12,40,,,,,,,,,,
79066,,Pistachio,160,104,X,176,285,B-ville,41,Pause Associates,651,170,3,63,,,,,,,,,,
79025,Ham,Vanilla,175,100,Y,182,257,C-borough,56,Go LLC,399,146,0,42,,,,,,,,,,
78990,Pineapple,Mint,194,104,Y,173,282,A-town,25,Go LLC,2012,147,15,55,,,,,,,,,,
78987,Pesto,Pistachio,157,107,Z,181,284,C-borough,37,Pause Associates,895,162,37,51,,,,,,,,,,
78642,Red peppers,Red Velvet,142,100,Y,177,303,A-town,52,Pause Associates,79,156,5,35,,,,,,,,,,
78894,Garlic,Coffee,139,100,Y,181,327,A-town,27,Go LLC,874,151,0,33,,,,,,,,,,
78828,Pineapple,Pistachio,181,111,Y,168,241,C-borough,23,Pause Associates,2353,153,16,52,,,,,,,,,,
78799,Oregano,Vanilla,118,101,Z,176,273,C-borough,31,Pause Associates,261,145,5,32,,,,,,,,,,
78853,Bacon,Cheesecake,178,97,Z,183,351,C-borough,61,Pause Associates,443,151,19,61,,,,,,,,,,
78494,Basil,Mint,192,95,Y,170,270,B-ville,37,Stop Inc,2386,160,0,48,,,,,,,,,,
78623,Sausage,Red Velvet,211,99,Z,173,262,,31,,1567,149,0,62,,,,,,,,,,
78931,Mushrooms,Red Velvet,224,101,Y,178,294,A-town,23,Go LLC,3242,156,3,60,,,,,,,,,,
78840,Tomato,Cheesecake,184,111,Z,172,283,A-town,40,Pause Associates,24,155,21,52,,,,,,,,,,
78914,Ham,Butter Pecan,227,104,Y,175,348,B-ville,59,,1724,162,15,48,,,,,,,,,,
78637,Spinach,Cheesecake,215,108,Y,174,300,B-ville,26,Pause Associates,467,159,25,34,,,,,,,,,,
78558,Extra cheese,Peach,194,104,Z,184,324,B-ville,59,Pause Associates,477,155,39,54,,,,,,,,,,
78530,Red peppers,,154,102,Z,175,338,C-borough,46,Go LLC,292,151,61,34,,,,,,,,,,
78296,Pesto,Strawberry,193,94,Z,171,333,B-ville,61,Pause Associates,3124,148,10,53,,,,,,,,,,
79047,Red peppers,Coffee,198,111,Z,173,321,A-town,48,Go LLC,210,143,11,48,,,,,,,,,,
78539,Sausage,Vanilla,188,102,Y,176,306,C-borough,42,Go LLC,1974,150,25,60,,,,,,,,,,
79064,Tomato,Red Velvet,196,113,Y,175,311,A-town,59,Go LLC,1150,165,77,40,,,,,,,,,,
78597,Bacon,Orange Sherbert,192,98,Z,177,264,C-borough,59,Pause Associates,2826,153,29,54,,,,,,,,,,
78729,Pineapple,Strawberry,223,98,Y,177,266,C-borough,43,Go LLC,366,150,6,48,,,,,,,,,,
79028,Pineapple,Neapolitan,249,98,Y,179,292,A-town,45,Go LLC,2849,151,62,43,,,,,,,,,,
78891,Mushrooms,Orange Sherbert,212,104,Z,180,283,C-borough,45,Pause Associates,2358,149,40,51,,,,,,,,,,
78540,Pineapple,Rocky Road,205,109,Y,180,377,A-town,50,Pause Associates,196,162,38,54,,,,,,,,,,
78436,Ham,,208,96,Z,174,290,C-borough,38,Go LLC,1495,159,25,47,,,,,,,,,,
79039,Garlic,Chocolate,161,99,,168,343,A-town,30,Pause Associates,1690,161,1,55,,,,,,,,,,
78372,Pesto,Pistachio,198,115,Z,176,321,A-town,41,Pause Associates,5317,155,4,46,,,,,,,,,,
79052,Mushrooms,Red Velvet,183,98,Z,178,239,A-town,28,Go LLC,1409,-400,30,43,,,,,,,,,,
78716,Salami,Strawberry,230,106,Z,168,306,A-town,32,Go LLC,361,155,163,58,,,,,,,,,,
78307,Ham,Butter Pecan,192,105,Y,173,317,C-borough,62,Go LLC,1244,164,9,57,,,,,,,,,,
79125,Sausage,Vanilla,183,100,Z,178,287,A-town,61,Pause Associates,717,150,3,43,,,,,,,,,,
78994,Tomato,Butter Pecan,170,108,X,179,339,A-town,37,Pause Associates,304,167,11,35,,,,,,,,,,
78357,Mushrooms,Mint,204,101,Y,183,322,A-town,51,Go LLC,1099,150,34,54,,,,,,,,,,
79008,Extra cheese,Chocolate,170,101,Z,178,281,C-borough,61,Pause Associates,1405,152,29,49,,,,,,,,,,
79036,Pineapple,Neapolitan,159,122,Y,178,295,A-town,24,Pause Associates,1606,168,6,51,,,,,,,,,,
78769,Pineapple,Orange Sherbert,217,103,X,176,269,C-borough,63,Pause Associates,3846,152,47,57,,,,,,,,,,
79182,Mushrooms,Red Velvet,147,99,Z,176,324,A-town,29,Go LLC,1079,142,10,33,,,,,,,,,,
79155,Salami,Mint,154,96,Y,189,308,A-town,32,Go LLC,1692,158,54,60,,,,,,,,,,
78845,Sausage,Red Velvet,166,109,Z,175,327,C-borough,64,Pause Associates,104,167,20,46,,,,,,,,,,
79085,Garlic,Vanilla,180,107,,171,308,B-ville,35,Go LLC,2435,155,52,46,,,,,,,,,,
78954,Ham,Vanilla,184,100,Y,179,278,C-borough,51,Go LLC,490,152,28,42,,,,,,,,,,
78529,BBQ Sauce,Vanilla,209,102,Z,180,352,C-borough,30,Pause Associates,964,150,0,35,,,,,,,,,,
79267,Tomato,Orange Sherbert,187,106,Y,173,297,C-borough,37,Pause Associates,3309,147,3,53,,,,,,,,,,
79044,Pesto,Cookies and Cream,172,111,Y,172,317,A-town,63,Pause Associates,214,163,7,34,,,,,,,,,,
78791,Black olives,Neapolitan,155,112,X,183,313,A-town,62,Pause Associates,2295,155,96,54,,,,,,,,,,
79067,Pesto,,117,106,Y,999,266,B-ville,38,Pause Associates,4109,162,27,37,,,,,,,,,,
78536,Extra cheese,Orange Sherbert,168,94,Y,177,289,A-town,50,Go LLC,871,144,49,45,,,,,,,,,,
79251,Bacon,Butter Pecan,213,95,Z,181,279,A-town,64,,131,149,30,50,,,,,,,,,,
78685,Pesto,Coffee,171,116,X,177,351,C-borough,34,Pause Associates,547,159,24,46,,,,,,,,,,
78509,Bacon,Peach,188,102,,177,318,A-town,57,Go LLC,2289,146,0,38,,,,,,,,,,
79080,Red peppers,Vanilla,202,101,Y,183,286,C-borough,27,Go LLC,550,145,141,40,,,,,,,,,,
78675,Oregano,Orange Sherbert,208,100,Z,176,296,A-town,31,Go LLC,4205,147,10,51,,,,,,,,,,
78316,Pesto,Red Velvet,156,107,Y,176,244,C-borough,47,Pause Associates,1203,157,38,48,,,,,,,,,,
78790,Black olives,Cookies and Cream,209,105,Y,178,344,A-town,55,Pause Associates,855,162,37,66,,,,,,,,,,
78962,,Cheesecake,185,104,Y,178,305,C-borough,26,Pause Associates,951,157,2,46,,,,,,,,,,
78401,Ham,Vanilla,174,99,Z,173,337,A-town,49,Go LLC,2053,148,11,41,,,,,,,,,,
78963,Red peppers,Red Velvet,226,103,Z,179,292,C-borough,69,Stop Inc,4581,151,6,42,,,,,,,,,,
79012,Salami,Chocolate,215,96,Z,182,315,C-borough,34,Go LLC,905,157,75,62,,,,,,,,,,
78363,Extra cheese,Cheesecake,194,98,Y,167,298,A-town,46,Go LLC,652,149,23,57,,,,,,,,,,
78471,Red peppers,Chocolate,210,97,Z,175,243,C-borough,29,Go LLC,3975,148,32,56,,,,,,,,,,
78797,Bacon,Red Velvet,168,104,Y,173,286,A-town,61,Pause Associates,4266,150,2,57,,,,,,,,,,
79049,Sausage,Cookies and Cream,205,102,Z,179,309,C-borough,62,Pause Associates,58,140,5,51,,,,,,,,,,
78410,Red peppers,Neapolitan,190,102,Z,174,268,A-town,59,Pause Associates,1521,151,10,37,,,,,,,,,,
79100,Red peppers,Chocolate,181,93,Z,180,277,C-borough,34,Go LLC,128,150,8,59,,,,,,,,,,
79229,BBQ Sauce,Cookies and Cream,202,112,X,174,275,A-town,60,Pause Associates,225,161,5,53,,,,,,,,,,
78760,Garlic,Vanilla,181,97,Z,177,310,A-town,34,Pause Associates,1813,149,42,55,,,,,,,,,,
78578,Red peppers,,178,97,Y,175,310,A-town,23,Pause Associates,2042,149,18,36,,,,,,,,,,
78566,Red peppers,Strawberry,178,97,X,180,308,B-ville,22,Go LLC,1424,144,7,53,,,,,,,,,,
78552,Sausage,Orange Sherbert,195,95,Z,177,347,A-town,50,Go LLC,301,154,21,47,,,,,,,,,,
78292,Extra cheese,,223,95,Y,180,312,A-town,55,Pause Associates,3751,146,29,64,,,,,,,,,,
78555,Bacon,Rocky Road,208,100,Z,176,260,A-town,40,Pause Associates,1666,153,12,42,,,,,,,,,,
79200,Pesto,Red Velvet,145,93,Z,179,247,A-town,47,Pause Associates,285,155,16,64,,,,,,,,,,
79078,Bacon,Strawberry,203,96,Z,177,324,C-borough,24,Go LLC,4585,150,31,45,,,,,,,,,,
79152,Pineapple,Cheesecake,199,100,Y,179,284,,40,Pause Associates,212,146,17,56,,,,,,,,,,
78916,Pesto,Chocolate,238,101,Y,180,236,C-borough,24,Go LLC,1363,153,6,43,,,,,,,,,,
78983,Black olives,Cheesecake,189,117,X,169,281,A-town,19,Pause Associates,158,158,4,35,,,,,,,,,,
78398,Mushrooms,Orange Sherbert,196,102,Z,170,314,C-borough,63,Pause Associates,50,144,16,58,,,,,,,,,,
79146,Black olives,Chocolate,188,118,Z,182,321,A-town,28,Pause Associates,257,155,4,45,,,,,,,,,,
79101,Bacon,Cookies and Cream,173,103,Z,174,277,A-town,31,Pause Associates,1103,149,26,71,,,,,,,,,,
78732,Bacon,Strawberry,176,104,X,172,284,A-town,69,Go LLC,519,146,32,32,,,,,,,,,,
78690,Bacon,Butter Pecan,210,94,Z,180,297,A-town,64,Pause Associates,191,156,4,48,,,,,,,,,,
78941,Extra cheese,,174,93,Z,180,274,C-borough,22,Pause Associates,233,147,61,61,,,,,,,,,,
78544,Extra cheese,Chocolate,212,102,Y,180,305,A-town,50,Pause Associates,283,146,37,55,,,,,,,,,,
78449,Pineapple,Coffee,230,98,Y,172,330,C-borough,32,Pause Associates,332,139,6,60,,,,,,,,,,
78338,Extra cheese,Mint,153,97,Z,181,250,A-town,66,Pause Associates,8,150,10,31,,,,,,,,,,
78405,Black olives,Vanilla,227,111,X,179,298,A-town,39,,3318,157,16,52,,,,,,,,,,
78674,Extra cheese,Cheesecake,163,99,Y,183,335,A-town,58,Go LLC,872,150,2,67,,,,,,,,,,
78382,BBQ Sauce,Vanilla,176,113,Y,171,322,,49,Pause Associates,791,161,62,45,,,,,,,,,,
78923,Spinach,Peach,217,117,,178,292,C-borough,23,Pause Associates,1323,164,5,40,,,,,,,,,,
78508,Red peppers,Red Velvet,134,99,Z,177,305,A-town,67,Pause Associates,836,150,114,55,,,,,,,,,,
78406,,Neapolitan,136,106,Y,181,299,C-borough,28,Pause Associates,710,151,42,68,,,,,,,,,,
78289,Spinach,Mint,199,96,Y,178,297,A-town,61,Go LLC,1689,153,40,45,,,,,,,,,,
78803,BBQ Sauce,Cookies and Cream,195,115,,181,319,B-ville,45,Pause Associates,481,164,23,55,,,,,,,,,,
78654,Ham,,235,94,Y,999,310,C-borough,69,,323,146,97,50,,,,,,,,,,
78432,Pineapple,Orange Sherbert,157,101,Y,185,298,A-town,50,Go LLC,52,144,1,58,,,,,,,,,,
78485,Black olives,Cookies and Cream,187,100,Z,177,361,A-town,47,Pause Associates,1794,162,31,53,,,,,,,,,,
78511,Spinach,Mint,155,100,Z,176,251,A-town,60,Go LLC,853,148,18,56,,,,,,,,,,
79104,Tomato,Mint,270,99,Y,179,292,C-borough,46,Go LLC,7734,151,13,46,,,,,,,,,,
78948,Ham,,136,106,Y,176,320,A-town,49,Go LLC,2049,158,22,41,,,,,,,,,,
78930,Extra cheese,Coffee,214,101,Z,173,279,A-town,37,Pause Associates,459,148,7,44,,,,,,,,,,
78819,Bacon,Neapolitan,221,99,Y,176,324,A-town,25,,682,152,53,46,,,,,,,,,,
78603,Chicken,Cookies and Cream,178,114,Y,178,331,A-town,50,Pause Associates,1282,159,11,37,,,,,,,,,,
79247,Red peppers,Cheesecake,181,91,Z,175,260,A-town,28,Stop Inc,468,154,106,50,,,,,,,,,,
78483,Bacon,Peach,209,101,Z,172,310,C-borough,28,Pause Associates,678,150,0,43,,,,,,,,,,
78606,Ham,Butter Pecan,213,107,Z,174,301,A-town,22,,213,666,0,52,,,,,,,,,,
78993,Extra cheese,Vanilla,206,101,Y,176,321,A-town,37,Pause Associates,346,154,21,68,,,,,,,,,,
79059,Ham,Peach,237,100,Z,179,295,A-town,69,Pause Associates,4580,150,76,50,,,,,,,,,,
79096,Pineapple,,189,100,X,181,312,C-borough,39,Stop Inc,2765,152,1,57,,,,,,,,,,
79231,Ham,Vanilla,167,102,Y,170,300,A-town,57,Go LLC,3741,147,11,50,,,,,,,,,,
78713,Red peppers,Butter Pecan,214,104,Z,177,269,A-town,21,Pause Associates,10,143,10,43,,,,,,,,,,
78680,Sausage,Cookies and Cream,240,103,Y,184,299,A-town,34,Go LLC,413,155,63,47,,,,,,,,,,
78330,Pesto,Cookies and Cream,149,118,X,174,315,A-town,22,Go LLC,2276,160,3,36,,,,,,,,,,
78643,Pineapple,Pistachio,193,110,Y,168,334,,52,Pause Associates,552,167,20,37,,,,,,,,,,
79144,Sausage,Strawberry,142,103,Y,177,291,C-borough,66,Go LLC,3517,149,7,45,,,,,,,,,,
78932,Ham,Neapolitan,226,94,Y,178,268,B-ville,49,Go LLC,3419,145,25,64,,,,,,,,,,
79205,BBQ Sauce,Pistachio,163,113,Y,182,290,A-town,40,Go LLC,255,151,27,48,,,,,,,,,,
79181,Chicken,Pistachio,217,103,Z,175,320,A-town,63,Pause Associates,501,160,77,60,,,,,,,,,,
79196,Pineapple,,255,100,,182,285,A-town,28,Go LLC,487,149,11,32,,,,,,,,,,
78486,Black olives,Cookies and Cream,169,109,Y,181,359,C-borough,39,Pause Associates,1019,165,154,38,,,,,,,,,,
78624,Red peppers,Red Velvet,213,98,Z,181,319,A-town,40,Go LLC,2094,151,37,51,,,,,,,,,,
78848,,Chocolate,167,108,X,175,309,C-borough,64,Stop Inc,642,154,11,30,,,,,,,,,,
79243,Pesto,Red Velvet,225,105,Z,181,264,C-borough,41,Pause Associates,1048,156,3,45,,,,,,,,,,
78925,Red peppers,Cookies and Cream,172,103,Z,178,337,A-town,37,Pause Associates,4676,153,1,46,,,,,,,,,,
78893,Bacon,Neapolitan,177,99,Z,172,341,A-town,21,Go LLC,4038,155,15,35,,,,,,,,,,
78644,Sausage,Orange Sherbert,163,110,X,179,342,B-ville,35,Go LLC,682,154,70,38,,,,,,,,,,
79042,Extra cheese,Strawberry,208,100,Y,180,351,C-borough,37,Pause Associates,20,153,40,59,,,,,,,,,,
78938,Pineapple,Cookies and Cream,213,99,Z,177,221,A-town,20,Go LLC,1389,152,3,44,,,,,,,,,,
78305,Oregano,Neapolitan,209,99,X,178,302,A-town,60,Go LLC,1014,150,45,53,,,,,,,,,,
78580,Pineapple,Orange Sherbert,210,110,Z,180,280,A-town,64,Go LLC,2672,141,17,57,,,,,,,,,,
78820,,Vanilla,163,107,Z,176,318,A-town,55,Pause Associates,1155,165,1,49,,,,,,,,,,
78355,Pesto,Mint,204,96,Y,175,335,A-town,51,Go LLC,967,150,37,65,,,,,,,,,,
78327,Ham,Strawberry,180,108,Z,175,286,A-town,45,Go LLC,70,157,27,34,,,,,,,,,,
78745,Red peppers,Vanilla,213,102,Z,176,308,A-town,65,Pause Associates,1352,155,22,61,,,,,,,,,,
78669,Black olives,Red Velvet,197,98,Z,180,318,A-town,60,,6396,147,34,55,,,,,,,,,,
78323,Mushrooms,Vanilla,181,107,Y,174,302,A-town,63,Go LLC,1770,148,20,56,,,,,,,,,,
78512,Extra cheese,Orange Sherbert,191,100,Y,175,274,A-town,27,Go LLC,230,148,52,62,,,,,,,,,,
78477,Pineapple,Strawberry,188,102,Z,179,347,A-town,59,Go LLC,1144,153,47,49,,,,,,,,,,
78404,Ham,Cheesecake,239,102,X,176,352,A-town,24,Pause Associates,138,158,45,34,,,,,,,,,,
78585,Sausage,Cheesecake,170,111,Y,175,341,B-ville,34,Go LLC,937,162,3,55,,,,,,,,,,
78862,Extra cheese,Cookies and Cream,198,97,Z,179,360,C-borough,30,Pause Associates,1251,140,6,66,,,,,,,,,,
78949,Pineapple,Red Velvet,208,96,Z,176,340,C-borough,64,Pause Associates,1176,149,67,58,,,,,,,,,,
79086,Oregano,Pistachio,158,113,Z,178,297,C-borough,46,Pause Associates,2825,160,35,42,,,,,,,,,,
78431,Oregano,Vanilla,176,105,Z,179,298,A-town,32,Go LLC,3960,148,30,40,,,,,,,,,,
78452,Oregano,Vanilla,239,103,Y,178,329,A-town,45,Go LLC,857,150,26,41,,,,,,,,,,
79227,Red peppers,Vanilla,202,99,Y,175,350,C-borough,26,Go LLC,693,155,29,44,,,,,,,,,,
79046,Red peppers,Cookies and Cream,199,92,Z,179,301,A-town,22,Go LLC,351,160,44,48,,,,,,,,,,
78448,Ham,Neapolitan,170,93,Z,175,296,A-town,62,Go LLC,80,142,19,34,,,,,,,,,,
78700,Ham,Strawberry,187,96,Z,180,291,C-borough,66,Go LLC,376,154,20,44,,,,,,,,,,
78794,Bacon,,206,89,X,176,287,C-borough,64,Go LLC,475,154,29,53,,,,,,,,,,
78992,Extra cheese,Cookies and Cream,179,103,Y,185,317,A-town,56,Pause Associates,454,159,130,62,,,,,,,,,,
79108,Pesto,Red Velvet,166,112,X,177,295,,26,Pause Associates,213,161,6,48,,,,,,,,,,
79009,Pineapple,Strawberry,184,98,Y,171,306,A-town,48,Go LLC,1320,140,13,62,,,,,,,,,,
78640,Oregano,Black Cherry,230,106,Y,182,328,B-ville,65,Pause Associates,439,163,9,39,,,,,,,,,,
78620,Extra cheese,Chocolate,197,102,Z,999,274,A-town,34,Pause Associates,715,147,6,35,,,,,,,,,,
78599,Salami,Cookies and Cream,162,99,Y,177,280,C-borough,63,Go LLC,616,146,0,46,,,,,,,,,,
78858,Black olives,Red Velvet,172,107,Y,176,293,A-town,69,Pause Associates,307,147,19,40,,,,,,,,,,
78843,Bacon,Cheesecake,160,105,Z,173,280,C-borough,48,Pause Associates,1470,151,26,35,,,,,,,,,,
79061,,Cookies and Cream,155,97,Y,179,281,A-town,40,,1330,151,108,48,,,,,,,,,,
78913,Sausage,Vanilla,191,99,Y,175,299,A-town,38,Go LLC,441,154,4,82,,,,,,,,,,
78317,Spinach,Butter Pecan,165,102,Z,174,295,A-town,31,Pause Associates,7649,158,16,44,,,,,,,,,,
78766,Sausage,Cheesecake,188,106,Y,177,304,A-town,56,Pause Associates,5319,162,183,37,,,,,,,,,,
78989,Garlic,Vanilla,178,110,Z,176,316,A-town,42,Stop Inc,303,159,37,41,,,,,,,,,,
78553,Spinach,Red Velvet,176,111,Y,175,300,C-borough,51,Go LLC,115,161,22,51,,,,,,,,,,
78852,Extra cheese,Neapolitan,177,102,Y,175,276,C-borough,24,Pause Associates,103,156,7,57,,,,,,,,,,
78422,Sausage,Red Velvet,175,102,Y,181,290,A-town,41,Go LLC,293,150,3,35,,,,,,,,,,
78525,Pineapple,Vanilla,217,100,Z,177,296,A-town,50,Pause Associates,50,148,40,69,,,,,,,,,,
78899,Spinach,Vanilla,146,99,Y,185,289,C-borough,29,Pause Associates,2122,151,7,44,,,,,,,,,,
78609,Red peppers,Red Velvet,202,98,Z,177,305,C-borough,49,Go LLC,478,148,1,45,,,,,,,,,,
79208,Black olives,Neapolitan,172,114,Z,181,293,B-ville,31,Stop Inc,455,165,56,63,,,,,,,,,,
78808,Sausage,Red Velvet,159,111,Z,176,312,C-borough,48,Go LLC,744,158,36,51,,,,,,,,,,
78875,BBQ Sauce,Red Velvet,176,106,Y,174,370,A-town,40,Go LLC,1845,156,43,45,,,,,,,,,,
78626,Pineapple,Vanilla,212,100,Y,180,364,A-town,56,Go LLC,1402,144,18,51,,,,,,,,,,
78351,Mushrooms,Cheesecake,251,96,Z,175,324,C-borough,69,Pause Associates,7760,145,102,38,,,,,,,,,,
78933,Tomato,Mint,163,107,X,172,280,B-ville,42,Pause Associates,101,150,7,48,,,,,,,,,,
78562,Pesto,Butter Pecan,197,106,Y,176,278,C-borough,23,Pause Associates,1810,152,3,44,,,,,,,,,,
78857,Sausage,Cookies and Cream,160,104,Y,183,277,A-town,62,Pause Associates,2482,157,19,42,,,,,,,,,,
78328,Chicken,Peach,202,102,Y,168,278,C-borough,48,Pause Associates,2248,149,73,61,,,,,,,,,,
79137,Sausage,Cookies and Cream,230,100,Y,182,263,A-town,56,Go LLC,2280,153,74,74,,,,,,,,,,
79030,Mushrooms,Chocolate,266,96,Z,172,300,,42,Pause Associates,1150,144,18,47,,,,,,,,,,
78937,Sausage,Mint,214,95,Z,178,240,B-ville,46,Go LLC,445,148,31,44,,,,,,,,,,
78268,Spinach,Mint,171,104,X,177,295,C-borough,52,Pause Associates,3363,144,19,57,,,,,,,,,,
79058,Pineapple,Coffee,205,102,Z,181,293,A-town,46,Go LLC,2967,147,0,42,,,,,,,,,,
78300,Extra cheese,,223,107,Z,177,358,,30,Pause Associates,167,154,75,39,,,,,,,,,,
78461,Pineapple,Cheesecake,179,115,Z,168,262,A-town,64,Go LLC,4313,799,31,60,,,,,,,,,,
79197,Tomato,Pistachio,143,109,,179,279,A-town,55,Go LLC,503,153,3,46,,,,,,,,,,
78998,Chicken,,191,110,,183,300,A-town,37,Pause Associates,941,152,9,25,,,,,,,,,,
79221,Ham,Vanilla,218,103,Y,183,351,A-town,23,Pause Associates,4725,164,12,37,,,,,,,,,,
78969,Bacon,Vanilla,188,108,Y,181,368,A-town,24,Pause Associates,3113,162,10,41,,,,,,,,,,
78698,Red peppers,Red Velvet,220,98,Y,182,312,C-borough,45,Go LLC,847,150,46,42,,,,,,,,,,
78291,Spinach,Cookies and Cream,209,104,X,178,372,A-town,33,Pause Associates,3379,159,8,54,,,,,,,,,,
78907,Extra cheese,Cheesecake,158,90,Z,172,287,A-town,30,Pause Associates,823,156,1,38,,,,,,,,,,
78341,Pesto,Neapolitan,203,108,Y,186,295,B-ville,22,Pause Associates,1925,157,79,28,,,,,,,,,,
79006,Pesto,Vanilla,139,116,Y,170,305,A-town,39,Go LLC,1569,162,15,39,,,,,,,,,,
79090,Spinach,Cookies and Cream,147,111,Z,183,330,,20,Pause Associates,2202,160,58,56,,,,,,,,,,
78697,Sausage,Orange Sherbert,232,110,Y,179,316,B-ville,55,Pause Associates,8065,156,18,42,,,,,,,,,,
78980,Ham,Butter Pecan,256,101,Z,171,311,A-town,37,Go LLC,695,142,23,59,,,,,,,,,,
78272,Chicken,Coffee,210,100,Z,180,311,A-town,34,Go LLC,1453,154,29,56,,,,,,,,,,
78850,Bacon,Cookies and Cream,144,98,Y,178,291,A-town,42,Pause Associates,2946,154,15,32,,,,,,,,,,
78749,Pineapple,Chocolate,206,106,Z,176,384,C-borough,63,Go LLC,7271,172,12,58,,,,,,,,,,
79102,Pesto,Red Velvet,165,108,Z,175,305,A-town,28,Pause Associates,2456,148,20,42,,,,,,,,,,
78656,Tomato,Orange Sherbert,199,97,Z,180,310,A-town,62,Go LLC,535,155,136,41,,,,,,,,,,
78846,Ham,Vanilla,189,100,Z,185,295,A-town,23,Pause Associates,1903,139,25,61,,,,,,,,,,
78577,Sausage,Red Velvet,250,93,Z,182,315,A-town,20,Go LLC,224,149,78,50,,,,,,,,,,
78650,Mushrooms,Strawberry,228,97,Z,174,369,C-borough,58,Pause Associates,594,149,29,45,,,,,,,,,,
78927,Chicken,Red Velvet,205,106,Z,177,319,A-town,45,,1175,149,16,49,,,,,,,,,,
78594,Pesto,Strawberry,233,110,Y,175,309,B-ville,60,Pause Associates,2194,156,55,51,,,,,,,,,,
78753,BBQ Sauce,Red Velvet,205,113,Z,171,379,A-town,35,Pause Associates,2009,163,34,44,,,,,,,,,,
78710,Red peppers,,237,103,Z,172,246,A-town,54,Pause Associates,754,152,1,58,,,,,,,,,,
78393,Sausage,Strawberry,162,95,Y,179,293,A-town,40,Pause Associates,524,151,4,51,,,,,,,,,,
78652,Chicken,Neapolitan,194,96,Z,175,290,,57,Pause Associates,1074,149,83,48,,,,,,,,,,
78982,Pineapple,Vanilla,243,94,Y,175,289,C-borough,66,Pause Associates,455,145,2,58,,,,,,,,,,
78314,Ham,Orange Sherbert,195,97,X,177,291,A-town,63,Go LLC,126,145,27,61,,,,,,,,,,
78299,,Butter Pecan,232,101,Y,176,264,C-borough,47,Go LLC,719,155,49,45,,,,,,,,,,
78979,Extra cheese,Red Velvet,233,91,Z,174,308,A-town,53,Go LLC,4728,150,3,68,,,,,,,,,,
78892,Pepperoni,Coffee,133,103,Z,175,244,B-ville,27,Pause Associates,6630,156,6,47,,,,,,,,,,
78463,Ham,Orange Sherbert,191,100,Z,178,332,A-town,36,Go LLC,1279,147,64,62,,,,,,,,,,
78515,Mushrooms,Orange Sherbert,171,111,Z,173,256,A-town,37,Pause Associates,903,166,0,61,,,,,,,,,,
78520,BBQ Sauce,Vanilla,174,113,Y,179,344,A-town,37,Stop Inc,3730,164,2,53,,,,,,,,,,
78743,Pineapple,Strawberry,153,115,Y,999,340,A-town,23,Stop Inc,4342,155,6,41,,,,,,,,,,
78876,Sausage,Strawberry,216,106,,177,289,C-borough,44,Pause Associates,859,157,19,49,,,,,,,,,,
78549,Spinach,Mint,218,104,Y,177,273,A-town,29,Pause Associates,628,155,19,66,,,,,,,,,,
78362,Pineapple,Red Velvet,188,100,Z,171,268,C-borough,42,Go LLC,3924,153,6,53,,,,,,,,,,
78571,Extra cheese,Vanilla,211,98,Z,179,337,C-borough,41,Pause Associates,3004,144,102,59,,,,,,,,,,
78821,BBQ Sauce,Vanilla,152,111,Z,172,330,B-ville,34,Go LLC,154,151,50,42,,,,,,,,,,
78420,Ham,Cookies and Cream,224,101,Z,180,302,C-borough,24,Go LLC,1833,145,1,33,,,,,,,,,,
79165,Red peppers,Chocolate,184,97,Z,171,332,A-town,39,Go LLC,3129,149,20,60,,,,,,,,,,
78425,,Peach,202,96,Y,171,269,C-borough,30,Pause Associates,3188,161,40,47,,,,,,,,,,
78709,Red peppers,Orange Sherbert,213,96,Y,170,329,C-borough,67,Go LLC,283,154,2,43,,,,,,,,,,
78462,Oregano,Vanilla,222,102,Z,171,229,C-borough,42,Pause Associates,360,151,2,63,,,,,,,,,,
78503,Black olives,Vanilla,180,109,Y,178,312,A-town,23,Pause Associates,91,165,15,42,,,,,,,,,,
79168,Pineapple,Cookies and Cream,199,109,X,178,315,C-borough,28,,1348,158,11,56,,,,,,,,,,
78284,Black olives,Cookies and Cream,188,97,X,181,284,C-borough,42,Pause Associates,4019,146,11,34,,,,,,,,,,
78755,Bacon,Chocolate,219,96,Y,178,292,A-town,46,Go LLC,867,149,0,55,,,,,,,,,,
79127,Red peppers,Coffee,184,101,Y,179,290,C-borough,41,,466,147,21,50,,,,,,,,,,
79071,Mushrooms,Red Velvet,179,99,Y,174,302,A-town,42,Pause Associates,890,139,2,48,,,,,,,,,,
79215,Mushrooms,Orange Sherbert,259,98,Z,175,240,A-town,43,Pause Associates,844,147,37,42,,,,,,,,,,
79149,Sausage,Coffee,215,111,Y,176,296,,33,,502,151,4,34,,,,,,,,,,
79187,Black olives,Vanilla,166,110,X,179,276,A-town,38,Pause Associates,591,158,101,39,,,,,,,,,,
78736,Oregano,Strawberry,209,103,Z,176,347,C-borough,36,Pause Associates,273,146,21,35,,,,,,,,,,
78645,Basil,Red Velvet,203,100,Y,182,292,A-town,52,Go LLC,527,145,37,46,,,,,,,,,,
79164,Sausage,Mint,160,107,X,176,278,C-borough,44,Pause Associates,2840,168,168,45,,,,,,,,,,
79249,Sausage,Neapolitan,235,95,Y,175,268,A-town,68,Pause Associates,2142,152,15,39,,,,,,,,,,
78761,Red peppers,Coffee,231,101,Z,171,301,A-town,26,Go LLC,2771,150,18,48,,,,,,,,,,
79230,Spinach,Red Velvet,146,110,Z,182,285,A-town,41,Pause Associates,282,146,5,50,,,,,,,,,,
78391,Extra cheese,Peach,192,103,Z,175,313,A-town,35,Go LLC,1258,148,6,53,,,,,,,,,,
78754,Sausage,Strawberry,218,103,Z,174,254,A-town,63,Pause Associates,2051,150,1,48,,,,,,,,,,
78281,BBQ Sauce,Coffee,178,109,Y,176,359,C-borough,59,Pause Associates,556,159,7,43,,,,,,,,,,
78823,Extra cheese,Vanilla,258,95,Y,176,301,A-town,56,Go LLC,1984,148,55,54,,,,,,,,,,
79177,Bacon,Red Velvet,187,104,Z,178,288,A-town,24,Stop Inc,762,148,128,48,,,,,,,,,,
78921,Salami,,198,106,Z,180,305,C-borough,26,Pause Associates,105,456,4,33,,,,,,,,,,
79219,Ham,Cookies and Cream,193,100,Y,184,288,C-borough,64,,1271,151,98,54,,,,,,,,,,
78793,Spinach,Red Velvet,177,106,Y,176,292,C-borough,47,Go LLC,1151,152,34,33,,,,,,,,,,
78534,Ham,Cookies and Cream,229,103,Z,180,326,C-borough,43,Go LLC,564,144,4,66,,,,,,,,,,
79172,Spinach,Cookies and Cream,182,110,Y,177,346,A-town,22,Pause Associates,1988,159,32,56,,,,,,,,,,
78759,Basil,Cookies and Cream,222,91,Y,181,291,C-borough,36,Pause Associates,1091,150,7,51,,,,,,,,,,
78374,Bacon,Red Velvet,231,102,Y,175,279,A-town,45,Pause Associates,5565,147,0,54,,,,,,,,,,
78801,Chicken,Cookies and Cream,184,118,Y,181,325,A-town,29,Pause Associates,4333,154,126,37,,,,,,,,,,
79194,Pineapple,,180,93,Z,184,332,C-borough,56,Go LLC,4762,143,27,44,,,,,,,,,,
78595,Ham,Cookies and Cream,174,99,Z,176,288,A-town,32,Go LLC,181,143,47,63,,,,,,,,,,
78739,Basil,Strawberry,226,95,Z,175,265,,66,Go LLC,1893,153,9,50,,,,,,,,,,
78521,Extra cheese,Vanilla,235,102,Y,176,327,A-town,45,Pause Associates,132,154,36,22,,,,,,,,,,
78898,Ham,Cheesecake,185,115,Y,180,310,A-town,50,,9748,155,34,59,,,,,,,,,,
78771,BBQ Sauce,Cookies and Cream,218,117,Z,174,333,A-town,23,,375,158,41,38,,,,,,,,,,
79095,Sausage,Mint,172,111,Z,168,245,C-borough,33,Pause Associates,149,160,10,34,,,,,,,,,,
78522,Ham,Pistachio,189,100,X,174,276,B-ville,45,Pause Associates,1672,158,0,67,,,,,,,,,,
78275,Spinach,Cookies and Cream,168,114,Y,173,277,A-town,55,Pause Associates,1788,162,130,45,,,,,,,,,,
78397,Basil,Vanilla,189,101,Y,184,237,C-borough,31,Pause Associates,344,151,7,57,,,,,,,,,,
78672,Extra cheese,Strawberry,219,109,Y,175,290,,52,Pause Associates,2324,148,2,47,,,,,,,,,,
78789,Red peppers,Strawberry,232,99,Y,178,273,A-town,27,Go LLC,78,148,70,55,,,,,,,,,,
78917,Red peppers,Peach,235,98,Z,180,295,C-borough,35,Pause Associates,407,151,6,39,,,,,,,,,,
79069,Spinach,Butter Pecan,123,113,Z,177,259,A-town,29,Pause Associates,1498,159,2,46,,,,,,,,,,
79003,,Butter Pecan,149,95,Z,180,272,C-borough,45,Go LLC,5548,152,13,47,,,,,,,,,,
78844,Pesto,Red Velvet,188,111,Y,175,258,A-town,19,Pause Associates,1996,161,8,50,,,,,,,,,,
79129,Tomato,Vanilla,216,105,,173,319,A-town,38,Go LLC,1267,164,7,37,,,,,,,,,,
78944,Red peppers,Peach,220,105,Y,181,323,A-town,61,Go LLC,2261,149,67,48,,,,,,,,,,
79258,Garlic,Red Velvet,138,116,X,177,354,C-borough,45,Pause Associates,625,160,56,32,,,,,,,,,,
78510,Ham,Pistachio,150,106,X,169,310,A-town,62,Go LLC,1779,167,19,58,,,,,,,,,,
78590,Salami,Chocolate,206,100,Z,184,337,A-town,38,Go LLC,1765,150,9,45,,,,,,,,,,
78554,Red peppers,Neapolitan,184,91,Y,182,359,,60,Go LLC,274,149,3,47,,,,,,,,,,
78408,Basil,Cheesecake,149,105,,175,345,B-ville,33,Pause Associates,1939,158,32,37,,,,,,,,,,
79010,Oregano,Orange Sherbert,199,92,Y,170,334,,49,,2114,152,7,55,,,,,,,,,,
78441,Ham,Orange Sherbert,229,96,Z,184,314,A-town,52,Go LLC,1887,149,43,42,,,,,,,,,,
78451,Pesto,Mint,190,106,Y,177,323,A-town,39,Pause Associates,1333,158,135,41,,,,,,,,,,
78596,Pineapple,Coffee,184,109,Z,176,278,A-town,28,Pause Associates,2059,162,44,44,,,,,,,,,,
78627,Red peppers,Strawberry,202,97,Y,176,320,C-borough,69,,3722,142,3,62,,,,,,,,,,
78517,Sausage,Orange Sherbert,137,102,Z,182,298,C-borough,69,Pause Associates,516,150,11,40,,,,,,,,,,
78866,Sausage,Cookies and Cream,202,90,Y,179,262,A-town,25,Pause Associates,2325,149,3,46,,,,,,,,,,
78911,BBQ Sauce,Cheesecake,213,115,Y,170,330,A-town,59,Pause Associates,28,159,13,37,,,,,,,,,,
78502,Spinach,Red Velvet,167,114,Y,176,315,A-town,36,Pause Associates,1070,162,28,33,,,,,,,,,,
78659,Green peppers,,184,99,Z,173,284,A-town,38,Go LLC,1299,151,32,50,,,,,,,,,,
78924,Ham,Neapolitan,152,100,Y,180,317,A-town,29,Go LLC,2851,146,1,33,,,,,,,,,,
78810,Sausage,Red Velvet,207,97,Y,180,273,A-town,40,Go LLC,1002,146,63,69,,,,,,,,,,
78870,Ham,Cheesecake,220,104,Y,177,298,A-town,59,Pause Associates,233,159,94,52,,,,,,,,,,
78582,Mushrooms,Mint,259,95,Z,178,245,A-town,54,Pause Associates,5489,145,8,60,,,,,,,,,,
78356,Spinach,Red Velvet,190,105,Z,178,255,C-borough,35,Pause Associates,30,147,13,64,,,,,,,,,,
78744,Mushrooms,,168,101,Y,181,307,A-town,39,Go LLC,1050,148,41,53,,,,,,,,,,
79114,Spinach,,160,108,,173,301,A-town,32,Go LLC,1496,159,66,46,,,,,,,,,,
78868,Pineapple,Orange Sherbert,191,103,Z,175,280,A-town,33,Go LLC,115,152,44,37,,,,,,,,,,
78813,Sausage,Vanilla,240,98,Z,182,302,A-town,30,Go LLC,2850,152,1,37,,,,,,,,,,
78776,Basil,Vanilla,206,107,Y,182,293,C-borough,20,Pause Associates,1053,152,62,56,,,,,,,,,,
79252,Bacon,Orange Sherbert,162,99,Y,187,351,A-town,51,Go LLC,1545,148,65,45,,,,,,,,,,
78278,Sausage,Red Velvet,186,97,Z,182,299,A-town,63,Go LLC,33,142,16,57,,,,,,,,,,
79026,Red peppers,Cookies and Cream,201,101,Z,184,267,C-borough,66,Go LLC,2761,149,85,57,,,,,,,,,,
78882,Sausage,Orange Sherbert,181,102,Y,181,300,B-ville,23,,1573,153,21,59,,,,,,,,,,
78804,Spinach,Strawberry,173,100,Z,171,305,A-town,68,Pause Associates,301,149,32,55,,,,,,,,,,
78956,Extra cheese,Orange Sherbert,201,97,Z,169,362,C-borough,28,Go LLC,1105,145,23,51,,,,,,,,,,
79124,Spinach,Chocolate,160,99,Y,177,300,A-town,38,Pause Associates,390,144,23,32,,,,,,,,,,
79134,Pineapple,Cookies and Cream,253,99,Y,173,286,C-borough,43,Pause Associates,341,159,121,43,,,,,,,,,,
78354,,Pistachio,160,119,X,179,320,B-ville,32,Pause Associates,170,156,51,48,,,,,,,,,,
79031,Green peppers,,209,100,Z,180,262,,41,Pause Associates,1384,149,48,42,,,,,,,,,,
79040,Pineapple,Cheesecake,234,94,Y,179,327,B-ville,40,Go LLC,4122,149,2,60,,,,,,,,,,
78475,Bacon,Mint,212,95,Y,171,308,A-town,61,Go LLC,2152,155,42,38,,,,,,,,,,
78835,Pineapple,Red Velvet,185,100,Z,173,278,A-town,54,Go LLC,11,150,7,51,,,,,,,,,,
78889,Red peppers,Orange Sherbert,195,99,Y,177,342,A-town,37,Pause Associates,2176,157,13,47,,,,,,,,,,
78664,Tomato,Cookies and Cream,203,115,X,181,273,B-ville,37,Pause Associates,1713,158,29,51,,,,,,,,,,
79079,Sausage,Mint,218,97,Y,174,312,A-town,62,Pause Associates,1061,678,83,45,,,,,,,,,,
78730,Salami,Neapolitan,207,99,Y,177,260,A-town,66,Pause Associates,108,141,8,60,,,,,,,,,,
78952,Pineapple,Peach,209,99,Z,174,295,,42,Go LLC,414,157,16,59,,,,,,,,,,
79072,Basil,Mint,214,90,,182,270,B-ville,42,,4438,145,19,54,,,,,,,,,,
78375,Oregano,Mint,194,103,Z,178,301,C-borough,33,Stop Inc,1356,150,29,74,,,,,,,,,,
78563,Sausage,Cookies and Cream,162,109,Y,174,369,C-borough,18,Go LLC,640,160,27,58,,,,,,,,,,
79250,Sausage,Cheesecake,187,114,Z,170,301,A-town,33,Pause Associates,8705,155,1,42,,,,,,,,,,
78545,Green peppers,Red Velvet,223,99,Z,169,293,C-borough,23,Go LLC,50,151,37,39,,,,,,,,,,
78719,Spinach,Orange Sherbert,188,103,Z,177,301,C-borough,63,Go LLC,247,148,62,36,,,,,,,,,,
79254,Ham,Butter Pecan,157,110,X,175,372,A-town,58,Pause Associates,275,173,15,37,,,,,,,,,,
79240,Pineapple,Orange Sherbert,187,96,Z,171,315,B-ville,39,Pause Associates,162,140,50,42,,,,,,,,,,
78920,Basil,,171,99,Y,170,341,A-town,52,Pause Associates,651,151,86,34,,,,,,,,,,
78714,Pesto,Vanilla,179,101,Z,999,305,B-ville,23,Pause Associates,3502,165,31,46,,,,,,,,,,
78446,Bacon,Strawberry,218,105,Y,178,332,C-borough,32,Go LLC,1638,145,63,40,,,,,,,,,,
78458,Extra cheese,Coffee,175,101,Z,176,273,A-town,48,Go LLC,1259,155,4,52,,,,,,,,,,
79091,Extra cheese,Neapolitan,192,96,X,174,278,A-town,47,Go LLC,2329,144,19,33,,,,,,,,,,
79088,Pesto,Cheesecake,177,110,Z,182,340,B-ville,52,Stop Inc,686,164,19,60,,,,,,,,,,
78280,,Pistachio,130,101,X,169,297,A-town,33,Pause Associates,900,148,4,51,,,,,,,,,,
79218,Sausage,Cookies and Cream,153,101,Y,178,322,A-town,38,Pause Associates,3994,146,50,43,,,,,,,,,,
78775,Extra cheese,Cheesecake,159,103,Y,174,294,A-town,59,Pause Associates,279,151,83,58,,,,,,,,,,
78965,Spinach,Orange Sherbert,216,103,Z,177,268,A-town,50,Go LLC,17,146,87,49,,,,,,,,,,
79173,BBQ Sauce,Mint,200,112,Y,179,274,A-town,39,Pause Associates,838,162,14,43,,,,,,,,,,
79167,Spinach,Butter Pecan,202,101,Z,180,302,A-town,56,Go LLC,1265,148,83,64,,,,,,,,,,
78322,Bacon,Red Velvet,201,95,Z,174,278,C-borough,38,Go LLC,3144,147,19,46,,,,,,,,,,
78457,BBQ Sauce,Black Cherry,163,110,X,178,316,B-ville,64,Pause Associates,1010,160,23,44,,,,,,,,,,
78473,Extra cheese,Strawberry,212,98,Z,177,310,C-borough,62,Pause Associates,994,143,13,34,,,,,,,,,,
78575,Red peppers,Cookies and Cream,207,100,Z,176,363,C-borough,36,Go LLC,3066,147,38,55,,,,,,,,,,
79019,Extra cheese,Neapolitan,193,103,Z,175,318,A-town,52,Pause Associates,177,152,21,44,,,,,,,,,,
78972,Pineapple,Coffee,208,102,Y,174,265,A-town,30,,2580,147,3,63,,,,,,,,,,
78670,,Strawberry,196,97,Y,178,334,C-borough,48,Go LLC,508,150,8,49,,,,,,,,,,
78325,Pineapple,Pistachio,121,109,Y,171,275,C-borough,26,Pause Associates,4829,154,28,30,,,,,,,,,,
78657,Pepperoni,Cheesecake,186,101,Z,177,331,A-town,22,Go LLC,800,166,7,39,,,,,,,,,,
78747,Ham,Cheesecake,193,107,Y,175,309,C-borough,39,Pause Associates,10340,170,54,63,,,,,,,,,,
79132,Ham,Cookies and Cream,214,97,Z,181,374,A-town,40,Go LLC,349,147,2,54,,,,,,,,,,
78774,Pesto,,204,109,X,177,318,A-town,49,Pause Associates,493,161,16,48,,,,,,,,,,
78526,Extra cheese,Cookies and Cream,209,104,Z,177,328,C-borough,36,Go LLC,503,141,11,46,,,,,,,,,,
78874,Pineapple,Red Velvet,194,100,Y,179,272,C-borough,29,Go LLC,305,146,22,50,,,,,,,,,,
79185,Tomato,Red Velvet,171,100,Z,180,343,A-town,59,Go LLC,815,153,26,53,,,,,,,,,,
79115,Spinach,Chocolate,214,106,Z,176,336,C-borough,43,Go LLC,209,169,32,56,,,,,,,,,,
78715,Spinach,Cookies and Cream,168,98,Y,165,290,A-town,37,Pause Associates,294,145,12,43,,,,,,,,,,
79068,Pineapple,Pistachio,142,114,X,177,333,C-borough,59,Pause Associates,3191,156,5,58,,,,,,,,,,
78724,Garlic,Cheesecake,231,108,Y,178,341,C-borough,61,Pause Associates,3910,156,27,50,,,,,,,,,,
78646,Oregano,Coffee,227,106,Y,176,352,A-town,21,Go LLC,2035,147,22,43,,,,,,,,,,
78465,Spinach,Chocolate,171,110,Z,175,265,A-town,56,Pause Associates,1086,162,7,51,,,,,,,,,,
79062,Oregano,Cookies and Cream,184,102,Z,177,331,A-town,36,,2929,156,7,44,,,,,,,,,,
78470,Ham,Vanilla,210,90,Z,178,312,C-borough,48,Go LLC,505,155,10,40,,,,,,,,,,
79024,Pesto,Chocolate,138,111,Y,181,297,A-town,60,Pause Associates,2067,151,64,44,,,,,,,,,,
79041,Sausage,Butter Pecan,223,113,Y,177,264,B-ville,41,Pause Associates,1210,159,85,37,,,,,,,,,,
78491,Black olives,Cheesecake,149,114,Y,182,348,A-town,63,Pause Associates,1881,160,35,38,,,,,,,,,,
79213,Tomato,Cheesecake,215,105,,180,337,C-borough,19,Stop Inc,930,154,16,35,,,,,,,,,,
79002,Sausage,Strawberry,212,94,Z,177,325,A-town,24,Pause Associates,1640,153,15,48,,,,,,,,,,
78392,Pineapple,Cookies and Cream,170,110,Z,180,318,A-town,49,Pause Associates,130,152,13,49,,,,,,,,,,
79112,Sausage,Orange Sherbert,174,110,Z,176,392,C-borough,27,Pause Associates,217,156,12,60,,,,,,,,,,
79045,Pepperoni,,202,111,Y,175,359,A-town,29,Go LLC,2171,161,0,55,,,,,,,,,,
79023,Spinach,Pistachio,212,109,Z,179,301,C-borough,49,Pause Associates,4142,158,34,42,,,,,,,,,,
79056,Pesto,Cheesecake,207,110,Z,184,346,C-borough,25,Pause Associates,1147,166,104,52,,,,,,,,,,
79232,,Red Velvet,216,91,Z,187,299,A-town,60,Go LLC,311,149,98,61,,,,,,,,,,
79142,Ham,Vanilla,189,100,Y,180,291,A-town,26,Go LLC,5477,151,20,61,,,,,,,,,,
78360,Extra cheese,Mint,225,103,Z,173,312,A-town,42,Go LLC,5285,159,49,49,,,,,,,,,,
78440,Black olives,Cookies and Cream,191,107,Z,174,271,A-town,38,Stop Inc,2357,161,40,36,,,,,,,,,,
79143,Mushrooms,Vanilla,188,96,Y,184,305,A-town,23,Pause Associates,667,153,16,41,,,,,,,,,,
78812,Ham,Mint,238,101,Y,177,331,A-town,49,Go LLC,1309,149,0,76,,,,,,,,,,
78588,,Chocolate,166,104,X,181,289,C-borough,55,Pause Associates,3370,164,35,40,,,,,,,,,,
78725,Spinach,Orange Sherbert,183,104,Z,177,305,C-borough,65,Pause Associates,1407,152,0,56,,,,,,,,,,
78818,Bacon,Vanilla,155,91,,179,289,A-town,20,Pause Associates,423,152,8,53,,,,,,,,,,
79239,Ham,Chocolate,163,112,X,174,295,B-ville,32,Pause Associates,744,163,4,56,,,,,,,,,,
78293,Red peppers,Red Velvet,203,100,Y,182,299,A-town,23,Pause Associates,1612,149,31,54,,,,,,,,,,
78802,Pepperoni,Black Cherry,179,105,Z,174,311,A-town,55,Pause Associates,5193,164,15,53,,,,,,,,,,
78361,Pesto,Red Velvet,167,114,X,176,305,C-borough,40,,4134,158,12,44,,,,,,,,,,
78910,Spinach,Pistachio,167,116,Y,173,341,A-town,52,Pause Associates,2105,152,71,34,,,,,,,,,,
78531,BBQ Sauce,Chocolate,167,107,Y,170,348,,23,Pause Associates,2475,162,3,38,,,,,,,,,,
79163,Pesto,Strawberry,235,91,Y,174,343,C-borough,39,Pause Associates,1636,145,21,54,,,,,,,,,,
78505,Tomato,Cheesecake,176,114,Z,177,296,A-town,52,Pause Associates,143,160,48,50,,,,,,,,,,
78919,Bacon,Vanilla,219,100,Z,173,267,A-town,40,Go LLC,3726,149,40,39,,,,,,,,,,
78283,Sausage,Cheesecake,169,108,Y,182,306,A-town,61,Pause Associates,4684,162,25,32,,,,,,,,,,
78294,Pesto,Cookies and Cream,206,114,Z,178,293,A-town,54,Pause Associates,6939,168,26,33,,,,,,,,,,
78647,Pesto,Pistachio,181,110,Z,175,304,A-town,31,Pause Associates,1391,167,37,48,,,,,,,,,,
79160,Extra cheese,Strawberry,196,100,Y,181,254,A-town,63,Pause Associates,438,150,18,54,,,,,,,,,,
78437,Mushrooms,Orange Sherbert,226,98,Y,179,296,C-borough,60,Go LLC,15,142,12,68,,,,,,,,,,
78507,Pineapple,Cheesecake,209,106,X,175,349,A-town,40,Pause Associates,1079,161,15,32,,,,,,,,,,
78513,,Mint,226,102,Z,176,292,C-borough,30,Go LLC,1054,148,10,50,,,,,,,,,,
78297,Ham,Cheesecake,219,111,X,175,268,C-borough,42,Pause Associates,600,678,1,47,,,,,,,,,,
78379,Tomato,Vanilla,189,96,Z,181,333,A-town,23,Go LLC,334,144,67,63,,,,,,,,,,
78390,Tomato,Chocolate,180,111,Y,173,358,B-ville,60,Go LLC,946,166,15,42,,,,,,,,,,
78416,Black olives,Orange Sherbert,183,105,Z,181,287,A-town,42,Pause Associates,529,155,12,44,,,,,,,,,,
78946,Pineapple,Cheesecake,184,111,Y,169,312,A-town,38,Go LLC,2360,159,65,51,,,,,,,,,,
78568,,Pistachio,151,108,Z,178,292,A-town,37,Pause Associates,653,160,60,44,,,,,,,,,,
78904,BBQ Sauce,Strawberry,185,99,Y,179,264,C-borough,49,Pause Associates,1141,157,3,59,,,,,,,,,,
79050,Extra cheese,Strawberry,244,104,Z,181,316,A-town,65,Pause Associates,49,153,49,52,,,,,,,,,,
78773,Bacon,Cookies and Cream,241,101,Z,178,289,C-borough,56,Go LLC,1657,138,54,47,,,,,,,,,,
79175,Red peppers,Vanilla,228,102,Y,184,298,A-town,25,Go LLC,628,153,47,36,,,,,,,,,,
78593,Spinach,Neapolitan,193,107,Z,173,353,B-ville,48,Pause Associates,2301,157,11,51,,,,,,,,,,
78757,Pesto,Orange Sherbert,121,105,Y,177,321,A-town,38,Pause Associates,1041,155,107,55,,,,,,,,,,
78625,Spinach,Cookies and Cream,215,104,Y,179,366,B-ville,51,Pause Associates,4042,156,5,65,,,,,,,,,,
78542,Sausage,Strawberry,240,107,Z,182,323,A-town,33,Pause Associates,270,152,0,57,,,,,,,,,,
79063,Spinach,Chocolate,183,100,Y,177,259,,63,,756,147,9,58,,,,,,,,,,
79233,Spinach,Vanilla,187,104,Z,177,326,A-town,42,Pause Associates,1232,153,2,57,,,,,,,,,,
78587,Pineapple,Pistachio,148,111,Z,176,313,C-borough,25,Pause Associates,2807,160,23,51,,,,,,,,,,
78953,Extra cheese,Cheesecake,183,100,Z,177,289,C-borough,66,Go LLC,1371,147,36,27,,,,,,,,,,
79131,Pesto,Vanilla,166,112,Y,176,323,A-town,23,Pause Associates,386,166,27,57,,,,,,,,,,
78321,Red peppers,Strawberry,220,99,Z,182,254,A-town,35,Go LLC,1305,151,7,54,,,,,,,,,,
78991,,Butter Pecan,188,96,Z,176,259,C-borough,23,Go LLC,831,149,4,61,,,,,,,,,,
78660,Sausage,Vanilla,171,98,Z,174,275,A-town,47,Pause Associates,3356,139,33,48,,,,,,,,,,
78861,Chicken,Cheesecake,221,94,Z,174,267,A-town,66,Go LLC,2365,152,51,44,,,,,,,,,,
79151,Spinach,,166,113,Y,182,310,A-town,24,Go LLC,234,159,77,49,,,,,,,,,,
78711,Pineapple,Cheesecake,175,108,Z,176,317,A-town,18,Pause Associates,148,158,24,43,,,,,,,,,,
78855,Bacon,Cookies and Cream,218,104,Z,179,308,A-town,66,Stop Inc,4714,153,4,46,,,,,,,,,,
78970,Spinach,Cheesecake,172,108,Z,179,306,C-borough,55,Pause Associates,816,165,10,42,,,,,,,,,,
78943,Bacon,Neapolitan,124,92,Z,179,300,A-town,42,Pause Associates,409,145,18,47,,,,,,,,,,
78895,Tomato,Butter Pecan,160,115,X,173,334,A-town,52,Pause Associates,2582,159,52,42,,,,,,,,,,
78467,BBQ Sauce,Black Cherry,175,110,Y,174,361,A-town,22,Pause Associates,64,157,85,43,,,,,,,,,,
79206,Chicken,,130,97,Z,179,295,A-town,24,Go LLC,210,151,66,41,,,,,,,,,,
78638,Ham,Pistachio,227,110,Y,183,342,A-town,33,Pause Associates,4651,161,73,46,,,,,,,,,,
78478,Ham,Pistachio,179,112,Y,173,327,C-borough,57,Stop Inc,108,160,49,44,,,,,,,,,,
78966,Pineapple,Coffee,256,106,,178,326,B-ville,56,Go LLC,369,160,8,63,,,,,,,,,,
78419,Salami,Vanilla,176,102,Y,172,331,B-ville,63,Pause Associates,2853,166,78,48,,,,,,,,,,
78611,Pepperoni,Chocolate,235,114,Y,186,300,B-ville,49,Pause Associates,727,160,68,56,,,,,,,,,,
79053,Sausage,Vanilla,173,98,Z,182,220,A-town,36,Pause Associates,310,157,77,40,,,,,,,,,,
78641,BBQ Sauce,Red Velvet,143,112,Y,176,319,A-town,54,Stop Inc,300,159,98,45,,,,,,,,,,
78415,Mushrooms,Red Velvet,199,101,Z,174,298,A-town,60,Pause Associates,2085,151,32,32,,,,,,,,,,
78592,Black olives,Chocolate,167,105,Z,180,323,B-ville,24,Pause Associates,1573,163,13,56,,,,,,,,,,
79148,BBQ Sauce,Orange Sherbert,146,114,Y,183,290,C-borough,62,Pause Associates,81,167,15,55,,,,,,,,,,
78618,Tomato,Coffee,184,100,Y,181,277,C-borough,66,Stop Inc,2219,150,3,49,,,,,,,,,,
78681,Mushrooms,Chocolate,207,103,Y,176,301,A-town,69,,1850,145,2,43,,,,,,,,,,
78873,Ham,Vanilla,173,98,Y,178,328,A-town,31,Pause Associates,849,145,8,45,,,,,,,,,,
78487,Tomato,Red Velvet,198,98,X,184,248,A-town,46,Pause Associates,1294,149,6,56,,,,,,,,,,
78567,Pineapple,Chocolate,171,107,,183,330,A-town,51,Pause Associates,1775,160,18,31,,,,,,,,,,
79128,Sausage,Strawberry,157,97,Z,176,316,A-town,52,Pause Associates,3025,154,53,54,,,,,,,,,,
78872,Sausage,Vanilla,240,97,Z,175,362,C-borough,54,Pause Associates,1118,150,24,63,,,,,,,,,,
78617,Tomato,Orange Sherbert,155,108,Z,179,364,B-ville,63,Pause Associates,630,168,83,46,,,,,,,,,,
78523,Garlic,Strawberry,250,95,Z,175,292,A-town,31,Go LLC,5688,149,12,45,,,,,,,,,,
78960,Sausage,,200,93,Z,181,290,C-borough,24,Go LLC,329,149,37,55,,,,,,,,,,
79107,,Red Velvet,212,118,Y,174,281,C-borough,64,Pause Associates,880,159,35,36,,,,,,,,,,
79004,Green peppers,Mint,166,102,Z,177,328,A-town,28,Go LLC,3039,155,8,53,,,,,,,,,,
78548,Spinach,Coffee,290,101,Y,178,311,A-town,29,,38,149,177,62,,,,,,,,,,
79094,Pesto,Red Velvet,165,113,Y,177,348,C-borough,60,Pause Associates,2907,165,12,57,,,,,,,,,,
78516,Red peppers,Cheesecake,194,94,Z,183,262,C-borough,44,Go LLC,3402,149,20,53,,,,,,,,,,
78692,Ham,Orange Sherbert,186,100,Y,173,280,C-borough,62,,289,158,11,65,,,,,,,,,,
78900,Extra cheese,Butter Pecan,174,93,Y,171,244,,34,Go LLC,651,155,23,54,,,,,,,,,,
78352,Red peppers,Vanilla,160,99,Z,171,351,C-borough,25,Pause Associates,4422,150,3,51,,,,,,,,,,
78699,Bacon,Red Velvet,194,100,Z,177,251,C-borough,65,Go LLC,2993,157,71,63,,,,,,,,,,
78726,Extra cheese,Neapolitan,198,102,Z,180,273,C-borough,49,Go LLC,677,151,19,53,,,,,,,,,,
79018,Basil,Orange Sherbert,171,91,Y,177,327,A-town,57,Pause Associates,2031,151,44,41,,,,,,,,,,
78378,Pineapple,Cheesecake,214,106,Y,176,301,A-town,64,Pause Associates,342,168,3,41,,,,,,,,,,
78560,Oregano,Neapolitan,173,90,Z,999,376,C-borough,27,Go LLC,1042,154,11,50,,,,,,,,,,
78967,Pesto,Orange Sherbert,227,101,Z,177,289,A-town,33,Go LLC,2886,148,24,45,,,,,,,,,,
78387,Basil,Red Velvet,230,94,Z,179,266,A-town,39,Pause Associates,913,144,25,38,,,,,,,,,,
79027,Extra cheese,Red Velvet,157,97,Z,181,258,C-borough,68,,446,148,64,55,,,,,,,,,,
78867,Extra cheese,Red Velvet,208,111,Z,172,293,A-town,25,Go LLC,655,141,22,39,,,,,,,,,,
78878,Ham,Strawberry,180,104,Z,179,317,A-town,21,Pause Associates,772,143,51,37,,,,,,,,,,
78614,Salami,Orange Sherbert,179,95,Y,173,291,C-borough,39,Pause Associates,2120,153,60,45,,,,,,,,,,
78928,Pineapple,Cookies and Cream,182,104,X,178,286,C-borough,40,Pause Associates,6292,168,35,36,,,,,,,,,,
78612,Mushrooms,Peach,227,113,X,180,357,A-town,33,Stop Inc,964,170,11,53,,,,,,,,,,
78583,Red peppers,Chocolate,205,103,Y,166,305,A-town,66,Pause Associates,910,156,73,59,,,,,,,,,,
79111,Pineapple,Vanilla,182,120,Y,175,317,B-ville,38,Stop Inc,680,161,20,55,,,,,,,,,,
78329,Chicken,Strawberry,176,100,Z,168,312,C-borough,46,Pause Associates,1530,150,12,47,,,,,,,,,,
78586,Salami,Vanilla,207,111,Y,173,336,A-town,61,Pause Associates,1186,170,29,54,,,,,,,,,,
78859,Extra cheese,Strawberry,227,103,Y,178,256,A-town,38,Pause Associates,1645,149,30,46,,,,,,,,,,
79222,Extra cheese,Pistachio,184,102,Y,170,329,C-borough,22,Stop Inc,872,151,14,35,,,,,,,,,,
78728,Mushrooms,,165,111,Z,174,289,C-borough,29,Pause Associates,4057,166,17,45,,,,,,,,,,
78864,Salami,Cookies and Cream,175,109,X,177,268,A-town,39,Go LLC,187,160,9,25,,,,,,,,,,
78573,Tomato,Cheesecake,164,104,X,185,294,A-town,23,Go LLC,3857,152,1,73,,,,,,,,,,
78304,Red peppers,Chocolate,210,101,Z,178,288,C-borough,38,Go LLC,90,152,182,49,,,,,,,,,,
78498,Oregano,Butter Pecan,220,103,Z,174,327,B-ville,54,Pause Associates,1027,158,11,60,,,,,,,,,,
78273,Sausage,Cookies and Cream,250,94,Y,175,314,B-ville,49,,1563,154,2,51,,,,,,,,,,
78331,Pineapple,Chocolate,142,113,Y,180,266,,26,Pause Associates,6302,162,7,37,,,,,,,,,,
78663,Ham,Neapolitan,179,93,Y,179,338,A-town,30,Pause Associates,167,148,14,40,,,,,,,,,,
78785,Red peppers,Mint,200,100,Z,178,317,A-town,41,Pause Associates,981,145,60,45,,,,,,,,,,
79159,Sausage,Vanilla,200,98,Y,180,281,A-town,42,Stop Inc,1516,153,32,47,,,,,,,,,,
79029,Extra cheese,Neapolitan,197,103,Y,176,310,A-town,49,Pause Associates,1422,148,30,39,,,,,,,,,,
78833,Sausage,Orange Sherbert,205,108,Z,174,276,A-town,42,Pause Associates,64,154,9,43,,,,,,,,,,
78450,Bacon,Chocolate,243,99,Y,179,330,C-borough,21,Go LLC,1740,150,28,54,,,,,,,,,,
78996,Chicken,Pistachio,212,111,Y,172,357,A-town,27,Pause Associates,819,152,12,45,,,,,,,,,,
79087,BBQ Sauce,Red Velvet,214,108,X,181,305,A-town,46,Pause Associates,195,162,76,48,,,,,,,,,,
78950,Bacon,Vanilla,185,105,Z,181,275,A-town,48,Pause Associates,1301,152,16,60,,,,,,,,,,
78649,Pineapple,Chocolate,201,96,Z,175,298,A-town,47,Pause Associates,1676,147,15,57,,,,,,,,,,
79001,Mushrooms,Strawberry,193,96,Z,178,281,C-borough,50,Go LLC,76,153,1,32,,,,,,,,,,
79244,Pineapple,Cookies and Cream,169,100,Y,178,281,C-borough,43,Go LLC,278,149,26,51,,,,,,,,,,
79198,Tomato,Butter Pecan,213,106,Y,183,298,A-town,32,Pause Associates,8051,142,28,69,,,,,,,,,,
78282,Extra cheese,Cookies and Cream,216,91,Z,175,274,A-town,66,Pause Associates,1076,152,27,55,,,,,,,,,,
78796,Ham,Red Velvet,177,105,Z,175,359,C-borough,33,Go LLC,250,141,40,45,,,,,,,,,,
78940,Spinach,Mint,218,112,X,177,332,C-borough,47,Pause Associates,3570,155,63,52,,,,,,,,,,
79210,Pesto,Mint,188,93,Z,173,293,A-town,69,Pause Associates,37,149,12,65,,,,,,,,,,
79245,Black olives,Orange Sherbert,211,107,X,178,284,B-ville,48,Pause Associates,4140,161,48,41,,,,,,,,,,
78959,Pesto,Pistachio,161,110,Z,169,300,B-ville,53,Go LLC,591,159,36,44,,,,,,,,,,
78310,Pineapple,Strawberry,190,100,Z,172,226,C-borough,24,Go LLC,193,156,32,46,,,,,,,,,,
78332,Mushrooms,Orange Sherbert,203,104,Z,172,330,A-town,37,Go LLC,398,153,10,63,,,,,,,,,,
79153,Extra cheese,Red Velvet,246,98,Y,173,327,C-borough,58,Pause Associates,820,148,20,51,,,,,,,,,,
78718,Pineapple,Cheesecake,205,99,Y,188,280,A-town,23,Pause Associates,245,158,60,53,,,,,,,,,,
79060,Oregano,Coffee,224,107,Z,180,303,C-borough,47,Pause Associates,2972,162,9,37,,,,,,,,,,
78795,Red peppers,,232,100,Y,181,303,C-borough,66,Pause Associates,1581,151,8,57,,,,,,,,,,
78847,Extra cheese,Red Velvet,182,95,Y,178,335,C-borough,36,Pause Associates,140,148,4,45,,,,,,,,,,
79017,Sausage,Chocolate,252,111,Z,176,253,A-town,59,Pause Associates,318,154,15,46,,,,,,,,,,
79116,Extra cheese,Chocolate,211,95,Y,181,251,C-borough,58,Go LLC,2326,151,13,62,,,,,,,,,,
79098,Oregano,Neapolitan,192,98,Z,176,272,C-borough,42,,381,153,55,53,,,,,,,,,,
78309,Pineapple,Red Velvet,205,95,Y,177,362,A-town,20,Pause Associates,311,154,34,53,,,,,,,,,,
78269,Oregano,Pistachio,218,96,Y,178,305,C-borough,33,Pause Associates,1720,147,57,48,,,,,,,,,,
78501,Pineapple,Orange Sherbert,219,95,Y,173,275,A-town,46,Pause Associates,1156,147,5,61,,,,,,,,,,
78831,Pineapple,Orange Sherbert,191,103,Y,176,307,C-borough,24,Pause Associates,594,148,35,51,,,,,,,,,,
78929,Sausage,Cookies and Cream,183,112,X,173,328,A-town,38,Pause Associates,957,163,15,45,,,,,,,,,,
78842,Tomato,Red Velvet,144,101,Z,171,278,C-borough,46,Go LLC,4051,152,13,65,,,,,,,,,,
78648,Ham,Cheesecake,193,104,X,180,289,B-ville,64,Pause Associates,181,160,18,36,,,,,,,,,,
78903,Pineapple,Mint,161,98,Z,179,229,C-borough,34,Go LLC,844,145,120,63,,,,,,,,,,
78832,Sausage,Chocolate,257,103,Z,172,381,A-town,29,Go LLC,202,146,4,56,,,,,,,,,,
78537,Extra cheese,Chocolate,147,98,Z,180,306,A-town,34,Go LLC,844,157,5,36,,,,,,,,,,
79217,Ham,Vanilla,223,97,,184,305,C-borough,42,Pause Associates,38,153,77,66,,,,,,,,,,
79117,Pesto,Cheesecake,165,107,X,176,287,B-ville,31,Pause Associates,1178,165,63,56,,,,,,,,,,
79256,Mushrooms,Neapolitan,194,98,Z,182,305,A-town,44,Pause Associates,2076,151,170,52,,,,,,,,,,
79082,Red peppers,Neapolitan,188,100,Y,177,312,A-town,42,Go LLC,3383,155,104,49,,,,,,,,,,
79099,BBQ Sauce,Vanilla,218,114,Z,181,341,A-town,61,Pause Associates,362,158,47,58,,,,,,,,,,
79216,Bacon,Neapolitan,231,101,Y,172,310,A-town,53,,1859,152,52,43,,,,,,,,,,
78622,Red peppers,Red Velvet,204,98,Y,179,328,A-town,66,,984,146,5,43,,,,,,,,,,
78651,BBQ Sauce,Mint,147,112,Z,999,322,A-town,47,Pause Associates,2247,160,43,63,,,,,,,,,,
78973,Red peppers,Cookies and Cream,200,99,Z,172,299,C-borough,68,,120,149,42,53,,,,,,,,,,
78684,Extra cheese,Cookies and Cream,230,100,Y,176,302,A-town,56,Pause Associates,162,678,6,63,,,,,,,,,,
78778,Bacon,Mint,182,101,Z,177,312,C-borough,53,Go LLC,1667,147,82,57,,,,,,,,,,
78277,Red peppers,Mint,216,106,Y,184,263,A-town,39,Go LLC,2747,156,26,58,,,,,,,,,,
79048,Basil,Strawberry,161,113,Z,178,304,A-town,48,Pause Associates,5144,167,7,44,,,,,,,,,,
78326,Basil,Mint,198,97,Y,174,304,C-borough,55,Go LLC,2966,147,16,50,,,,,,,,,,
78958,Extra cheese,Orange Sherbert,232,102,Z,173,304,A-town,24,Go LLC,1543,141,63,42,,,,,,,,,,
78693,Red peppers,Red Velvet,202,96,Z,170,244,A-town,67,Pause Associates,309,148,28,59,,,,,,,,,,
78527,Tomato,Chocolate,167,105,Y,182,325,B-ville,52,Go LLC,189,157,3,44,,,,,,,,,,
78409,Bacon,Strawberry,206,98,Z,181,311,,55,,2263,152,4,63,,,,,,,,,,
78764,Pineapple,Orange Sherbert,195,109,Y,177,316,,49,Pause Associates,1081,163,53,48,,,,,,,,,,
78977,Extra cheese,Cookies and Cream,200,96,Y,186,251,A-town,69,Go LLC,397,146,16,50,,,,,,,,,,
78369,Red peppers,Neapolitan,142,104,Z,177,246,A-town,59,Pause Associates,739,150,2,51,,,,,,,,,,
78634,Spinach,Pistachio,211,110,X,175,332,C-borough,63,Go LLC,95,166,5,39,,,,,,,,,,
78602,Sausage,Orange Sherbert,176,102,Z,171,263,C-borough,69,Pause Associates,3248,154,9,52,,,,,,,,,,
79016,Oregano,Orange Sherbert,215,97,Y,173,299,C-borough,59,Pause Associates,1065,143,88,39,,,,,,,,,,
78610,Spinach,Mint,220,101,Z,180,271,C-borough,43,Pause Associates,1538,150,18,75,,,,,,,,,,
78370,Spinach,,196,113,Z,182,284,A-town,43,Stop Inc,148,159,37,38,,,,,,,,,,
79092,,Vanilla,244,103,,175,357,A-town,53,Go LLC,2280,156,22,38,,,,,,,,,,
78598,Ham,Orange Sherbert,170,94,Z,176,303,C-borough,28,Pause Associates,19,150,92,64,,,,,,,,,,
78418,Black olives,Chocolate,237,107,Z,184,356,A-town,50,Pause Associates,6540,159,15,52,,,,,,,,,,
78830,Red peppers,Strawberry,185,96,Z,178,288,B-ville,65,Pause Associates,2499,152,7,62,,,,,,,,,,
78986,Bacon,Vanilla,206,101,,174,359,C-borough,45,Pause Associates,1999,155,7,48,,,,,,,,,,
78490,Ham,Neapolitan,206,102,Z,184,317,B-ville,21,Go LLC,1445,147,24,50,,,,,,,,,,
78383,Basil,Coffee,227,105,Z,177,318,C-borough,65,Go LLC,156,142,3,56,,,,,,,,,,
79225,Extra cheese,Mint,203,102,Z,175,275,C-borough,30,Pause Associates,1025,145,18,44,,,,,,,,,,
78981,Extra cheese,Orange Sherbert,180,95,Z,177,351,A-town,32,Pause Associates,419,144,30,52,,,,,,,,,,
79054,Pineapple,Coffee,150,113,Y,174,313,C-borough,33,Pause Associates,2143,162,71,61,,,,,,,,,,
78687,Spinach,Cookies and Cream,190,117,Y,174,275,A-town,59,Pause Associates,868,167,36,60,,,,,,,,,,
78722,Ham,Butter Pecan,152,100,Z,180,283,A-town,69,Pause Associates,720,144,9,57,,,,,,,,,,
78906,Ham,Red Velvet,234,104,Z,174,319,A-town,41,Pause Associates,407,155,20,42,,,,,,,,,,
78366,Sausage,Neapolitan,179,100,Z,171,287,A-town,60,Pause Associates,1007,147,1,34,,,,,,,,,,
78589,Bacon,Vanilla,251,103,Z,173,333,A-town,20,Go LLC,24,144,1,38,,,,,,,,,,
78768,Tomato,Strawberry,188,101,Y,184,314,C-borough,34,Pause Associates,3917,146,5,25,,,,,,,,,,
79223,Red peppers,Vanilla,211,99,Z,178,274,A-town,25,,176,146,25,56,,,,,,,,,,
78883,Extra cheese,Neapolitan,110,95,Z,179,287,C-borough,38,Go LLC,718,151,45,56,,,,,,,,,,
79209,Pineapple,Strawberry,211,103,Y,178,310,C-borough,49,Pause Associates,1996,152,32,53,,,,,,,,,,
79147,Pineapple,Strawberry,201,92,Z,180,253,C-borough,68,Pause Associates,931,157,6,57,,,,,,,,,,
78279,Bacon,Cheesecake,196,102,Y,181,339,A-town,46,Go LLC,5138,152,5,51,,,,,,,,,,
78495,Pineapple,Cheesecake,223,100,Z,178,333,C-borough,36,Pause Associates,537,146,6,52,,,,,,,,,,
78912,Tomato,Butter Pecan,198,98,Y,182,303,A-town,24,Go LLC,1800,152,42,42,,,,,,,,,,
78541,Ham,Pistachio,187,113,Y,181,373,,25,Pause Associates,162,159,26,31,,,,,,,,,,
78655,Oregano,Mint,203,104,Y,184,344,A-town,66,Go LLC,1282,148,3,45,,,,,,,,,,
78915,Pineapple,Pistachio,191,113,Y,171,322,,40,Pause Associates,794,160,25,46,,,,,,,,,,
78371,Ham,Neapolitan,185,100,Z,180,330,A-town,48,,690,149,7,44,,,,,,,,,,
78740,Red peppers,Chocolate,180,96,Z,182,286,A-town,32,Go LLC,464,150,25,62,,,,,,,,,,
78975,BBQ Sauce,Vanilla,218,105,X,176,334,C-borough,51,Pause Associates,904,168,42,26,,,,,,,,,,
78733,Sausage,Pistachio,184,108,Y,167,279,A-town,45,Pause Associates,325,163,5,55,,,,,,,,,,
78717,Salami,Chocolate,209,109,Z,174,325,A-town,52,Pause Associates,414,158,8,45,,,,,,,,,,
79255,Bacon,,212,105,Y,178,279,C-borough,63,Go LLC,547,143,42,41,,,,,,,,,,
78787,Oregano,Black Cherry,199,110,X,177,315,C-borough,58,Go LLC,193,159,10,54,,,,,,,,,,
78751,Ham,Vanilla,209,102,X,181,377,A-town,54,Go LLC,1053,147,4,31,,,,,,,,,,
78584,Extra cheese,Cheesecake,156,90,Y,179,301,C-borough,52,Go LLC,1099,152,2,51,,,,,,,,,,
78683,Bacon,Cookies and Cream,242,97,Z,185,255,A-town,25,Pause Associates,813,146,30,36,,,,,,,,,,
78918,BBQ Sauce,Peach,200,96,Y,174,305,A-town,33,Pause Associates,1880,158,9,46,,,,,,,,,,
78286,Black olives,Chocolate,180,110,X,180,335,A-town,26,Pause Associates,419,162,12,56,,,,,,,,,,
78860,Bacon,Vanilla,188,94,Y,178,306,A-town,49,Go LLC,409,148,23,40,,,,,,,,,,
78324,Spinach,Cheesecake,213,103,X,172,284,A-town,62,Pause Associates,11024,166,0,28,,,,,,,,,,
78604,Ham,Vanilla,199,99,,184,347,C-borough,64,Pause Associates,2136,146,117,44,,,,,,,,,,
79259,Ham,Red Velvet,198,96,Y,169,342,C-borough,27,Pause Associates,176,147,11,45,,,,,,,,,,
78822,Pineapple,Coffee,224,95,X,182,320,A-town,55,Pause Associates,55,144,3,52,,,,,,,,,,
79157,,Mint,211,101,,183,316,C-borough,39,Pause Associates,1027,144,14,56,,,,,,,,,,
78758,Oregano,,158,93,Z,175,276,A-town,22,Go LLC,2321,145,70,58,,,,,,,,,,
78365,Bacon,Chocolate,171,106,Z,177,393,B-ville,61,Pause Associates,2797,161,49,32,,,,,,,,,,
78696,Ham,Chocolate,216,98,Z,180,286,C-borough,27,Go LLC,1334,150,17,21,,,,,,,,,,
78438,Salami,Butter Pecan,203,103,Z,175,321,A-town,62,Pause Associates,2165,149,10,59,,,,,,,,,,
78492,Ham,Orange Sherbert,167,100,Z,174,277,A-town,69,Go LLC,396,148,13,34,,,,,,,,,,
78935,Black olives,Mint,217,113,Z,175,250,A-town,52,Pause Associates,678,165,0,44,,,,,,,,,,
79238,Spinach,Mint,184,97,Z,176,334,C-borough,34,Pause Associates,568,157,53,45,,,,,,,,,,
78702,,Mint,182,104,Z,173,322,C-borough,50,Pause Associates,28,158,5,43,,,,,,,,,,
78472,Extra cheese,Cheesecake,209,99,Y,174,259,C-borough,53,Pause Associates,859,144,2,48,,,,,,,,,,
78779,Red peppers,Vanilla,172,101,Z,182,291,A-town,54,Go LLC,1512,149,18,42,,,,,,,,,,
78636,Pineapple,Strawberry,252,105,Y,173,242,A-town,26,Pause Associates,436,150,27,43,,,,,,,,,,
78788,Bacon,Red Velvet,173,105,Z,177,292,C-borough,41,Go LLC,1126,737,23,51,,,,,,,,,,
78668,Salami,Peach,187,104,Y,176,299,A-town,45,Go LLC,7028,155,14,50,,,,,,,,,,
78481,Extra cheese,Vanilla,236,97,Y,174,245,A-town,56,Go LLC,5813,141,31,65,,,,,,,,,,
78742,Basil,Chocolate,161,111,Y,176,296,B-ville,27,Pause Associates,684,161,3,43,,,,,,,,,,
78500,Red peppers,Vanilla,126,101,,179,282,A-town,29,Pause Associates,928,149,15,56,,,,,,,,,,
78811,Red peppers,,273,105,X,182,302,A-town,44,Go LLC,486,148,4,56,,,,,,,,,,
79150,Pesto,Red Velvet,161,108,Y,175,284,A-town,27,Pause Associates,1518,162,88,43,,,,,,,,,,
78884,Ham,Orange Sherbert,179,94,Z,182,318,A-town,48,Go LLC,784,144,65,32,,,,,,,,,,
78809,Extra cheese,,179,98,Y,174,314,A-town,53,Pause Associates,713,144,11,51,,,,,,,,,,
78829,Red peppers,Red Velvet,153,101,Y,179,321,A-town,42,Pause Associates,4397,148,7,54,,,,,,,,,,
79135,Extra cheese,Neapolitan,177,103,Y,176,271,B-ville,61,Pause Associates,352,152,28,31,,,,,,,,,,
79212,Pineapple,,223,102,Y,181,310,A-town,62,Go LLC,1110,146,12,58,,,,,,,,,,
78313,Tomato,Neapolitan,148,100,Z,177,308,C-borough,61,Go LLC,733,149,10,47,,,,,,,,,,
79141,,Strawberry,190,103,Z,172,300,C-borough,60,Go LLC,281,151,35,64,,,,,,,,,,
79084,Mushrooms,Red Velvet,185,102,Y,183,321,A-town,39,,2589,145,2,62,,,,,,,,,,
78456,Bacon,Cookies and Cream,172,103,Y,179,289,A-town,48,Go LLC,726,152,6,53,,,,,,,,,,
78274,Tomato,Mint,223,111,Y,181,287,B-ville,41,Go LLC,2219,159,2,47,,,,,,,,,,
79178,Ham,Red Velvet,183,102,Y,179,360,C-borough,42,Stop Inc,2997,150,32,46,,,,,,,,,,
78434,Spinach,,152,114,X,174,366,,19,Pause Associates,1660,158,15,39,,,,,,,,,,
79014,Pineapple,Mint,196,97,Z,172,270,C-borough,22,Pause Associates,12,150,53,57,,,,,,,,,,
78667,Spinach,Peach,196,103,Z,179,262,C-borough,69,Go LLC,1293,147,26,31,,,,,,,,,,
78303,Bacon,Vanilla,190,107,Z,174,327,A-town,69,Go LLC,2264,149,75,65,,,,,,,,,,
78721,Basil,Orange Sherbert,237,100,Z,176,286,A-town,43,Pause Associates,863,153,177,56,,,,,,,,,,
78417,Pineapple,Orange Sherbert,170,111,X,171,314,A-town,32,Pause Associates,289,163,26,39,,,,,,,,,,
79186,Sausage,Pistachio,128,106,X,175,289,,59,,780,157,14,55,,,,,,,,,,
78887,Pineapple,Vanilla,179,103,Z,177,346,A-town,26,Pause Associates,304,148,12,45,,,,,,,,,,
79055,Mushrooms,Strawberry,234,98,Y,177,293,A-town,44,Pause Associates,4480,153,34,41,,,,,,,,,,
78665,BBQ Sauce,Chocolate,217,110,Z,999,305,,52,Pause Associates,1274,161,30,66,,,,,,,,,,
78786,Oregano,Cheesecake,195,99,Y,186,285,A-town,52,Pause Associates,219,153,19,56,,,,,,,,,,
78380,Basil,,181,95,Z,181,326,A-town,62,Pause Associates,3507,154,20,51,,,,,,,,,,
79110,Salami,Neapolitan,237,95,Z,184,328,,35,Go LLC,3141,153,15,54,,,,,,,,,,
78538,Red peppers,Orange Sherbert,182,95,X,178,263,A-town,66,Pause Associates,1158,151,3,35,,,,,,,,,,
79184,Pepperoni,Orange Sherbert,186,115,Y,173,321,A-town,63,Pause Associates,1078,157,30,36,,,,,,,,,,
78885,Mushrooms,Mint,133,97,Y,178,308,A-town,62,Pause Associates,2635,158,0,40,,,,,,,,,,
78706,BBQ Sauce,Cookies and Cream,216,117,,176,326,A-town,32,Pause Associates,1390,159,4,49,,,,,,,,,,
78395,Ham,Pistachio,208,114,Y,177,335,,57,Stop Inc,248,159,26,64,,,,,,,,,,
79242,Sausage,Red Velvet,208,99,Z,180,241,A-town,34,Go LLC,3210,148,11,55,,,,,,,,,,
78514,Pineapple,Chocolate,169,100,Z,186,324,A-town,23,Go LLC,341,153,44,51,,,,,,,,,,
78579,Sausage,Cookies and Cream,183,98,Z,177,321,C-borough,65,Pause Associates,88,152,8,55,,,,,,,,,,
79261,Basil,Cheesecake,187,104,Y,175,302,A-town,39,Go LLC,1507,148,8,47,,,,,,,,,,
78770,,Cookies and Cream,173,100,Y,183,304,A-town,43,Go LLC,2196,146,32,49,,,,,,,,,,
78856,Extra cheese,Vanilla,149,100,Z,182,306,A-town,69,Pause Associates,441,151,67,30,,,,,,,,,,
78881,Sausage,Cookies and Cream,182,103,Y,180,300,A-town,31,Pause Associates,2776,160,29,47,,,,,,,,,,
78934,BBQ Sauce,Cookies and Cream,223,108,Y,174,283,A-town,41,Pause Associates,2218,159,15,29,,,,,,,,,,
78971,Ham,Cheesecake,175,106,,187,280,A-town,57,Pause Associates,585,157,39,64,,,,,,,,,,
78976,Tomato,Vanilla,167,106,Y,182,345,B-ville,51,Pause Associates,662,150,14,39,,,,,,,,,,
78535,,Butter Pecan,197,100,Z,180,293,C-borough,55,Go LLC,540,153,47,66,,,,,,,,,,
78897,Extra cheese,Neapolitan,159,107,Y,175,290,C-borough,56,Go LLC,4226,143,2,42,,,,,,,,,,
78780,Spinach,Red Velvet,146,103,Z,177,307,A-town,41,Pause Associates,572,157,40,39,,,,,,,,,,
79263,,Cheesecake,197,104,Z,174,284,B-ville,61,Go LLC,741,150,49,53,,,,,,,,,,
78466,Pineapple,Butter Pecan,204,94,Z,181,264,C-borough,24,Pause Associates,3768,158,20,57,,,,,,,,,,
79228,Pesto,Pistachio,211,103,Y,184,346,A-town,52,Pause Associates,1112,163,29,35,,,,,,,,,,
78377,,Chocolate,209,99,Z,180,337,B-ville,64,Pause Associates,427,161,163,41,,,,,,,,,,
78479,Red peppers,Orange Sherbert,174,98,Z,177,309,A-town,31,Go LLC,1998,147,0,53,,,,,,,,,,
78453,,Cookies and Cream,222,95,Y,182,274,A-town,30,Go LLC,43,153,31,40,,,,,,,,,,
79007,Ham,Peach,197,108,Y,182,298,A-town,47,Pause Associates,957,149,89,55,,,,,,,,,,
78865,Tomato,Mint,143,97,Z,176,302,A-town,62,Go LLC,335,149,183,55,,,,,,,,,,
79166,Extra cheese,Pistachio,170,111,Y,179,313,C-borough,32,Pause Associates,2455,160,1,39,,,,,,,,,,
79035,Tomato,Red Velvet,209,110,Y,177,277,A-town,46,Pause Associates,246,173,200,63,,,,,,,,,,
78869,Extra cheese,Neapolitan,218,103,Y,185,268,C-borough,58,Go LLC,1942,150,53,51,,,,,,,,,,
79106,Pineapple,Butter Pecan,203,105,Y,179,326,A-town,31,,2165,160,70,49,,,,,,,,,,
78701,Pesto,Orange Sherbert,144,108,Z,175,292,A-town,22,Stop Inc,4669,163,47,65,,,,,,,,,,
78750,Extra cheese,Strawberry,161,103,Z,180,312,C-borough,45,Go LLC,439,147,22,50,,,,,,,,,,
78798,Pineapple,Cheesecake,210,109,Y,173,353,B-ville,28,Pause Associates,2338,162,27,46,,,,,,,,,,
78348,Pineapple,Orange Sherbert,134,115,Z,171,353,B-ville,39,Pause Associates,183,163,33,45,,,,,,,,,,
78877,Oregano,Coffee,162,98,X,177,297,C-borough,46,Go LLC,1849,146,9,47,,,,,,,,,,
78694,,Cheesecake,227,99,Y,178,301,,58,Go LLC,8,154,6,57,,,,,,,,,,
78344,Extra cheese,Strawberry,239,101,Z,177,310,A-town,39,Go LLC,6340,147,92,54,,,,,,,,,,
79136,,Cookies and Cream,253,102,Y,179,254,A-town,23,Pause Associates,167,152,16,49,,,,,,,,,,
79192,Extra cheese,Neapolitan,212,90,Y,178,253,A-town,36,Pause Associates,333,145,10,54,,,,,,,,,,
78433,,Coffee,156,97,Z,176,236,C-borough,30,Go LLC,35,152,51,64,,,,,,,,,,
78695,Extra cheese,Vanilla,181,99,Z,177,330,A-town,45,Go LLC,512,152,77,55,,,,,,,,,,
78435,Basil,Cheesecake,202,97,Z,174,303,C-borough,27,Pause Associates,218,151,15,48,,,,,,,,,,
79161,Red peppers,Cookies and Cream,228,97,Y,172,313,,69,Go LLC,764,145,9,52,,,,,,,,,,
78619,Tomato,Cookies and Cream,129,115,X,177,293,C-borough,33,Go LLC,2592,164,2,56,,,,,,,,,,
78708,Salami,Vanilla,187,94,Z,184,274,C-borough,66,Pause Associates,2935,154,110,47,,,,,,,,,,
79126,Garlic,Pistachio,185,116,,171,328,C-borough,27,Pause Associates,56,153,49,47,,,,,,,,,,
78576,Spinach,Strawberry,125,105,Z,176,301,C-borough,63,Pause Associates,3067,158,1,69,,,,,,,,,,
78318,Mushrooms,Orange Sherbert,239,105,Y,172,265,C-borough,23,Go LLC,859,148,22,55,,,,,,,,,,
78629,Ham,Butter Pecan,198,94,Y,180,308,C-borough,40,Go LLC,1262,150,15,59,,,,,,,,,,
78518,Chicken,Orange Sherbert,168,99,Z,179,322,A-town,61,Pause Associates,945,163,53,34,,,,,,,,,,
79193,Garlic,Cheesecake,153,105,X,178,308,A-town,42,Go LLC,285,147,64,52,,,,,,,,,,
79113,BBQ Sauce,Cookies and Cream,219,109,X,175,332,A-town,25,Pause Associates,1259,158,23,40,,,,,,,,,,
78564,Ham,Orange Sherbert,214,100,Z,173,263,A-town,57,Pause Associates,2320,145,22,33,,,,,,,,,,
78671,BBQ Sauce,Orange Sherbert,199,106,,175,332,B-ville,50,Pause Associates,2608,155,13,58,,,,,,,,,,
78922,Extra cheese,Vanilla,211,94,Z,188,308,C-borough,45,Pause Associates,4485,138,23,67,,,,,,,,,,
79188,Pesto,Orange Sherbert,172,117,,175,287,C-borough,64,Pause Associates,36,161,18,64,,,,,,,,,,
78499,Pineapple,Cheesecake,196,112,Z,179,294,C-borough,34,Pause Associates,2169,156,2,57,,,,,,,,,,
78312,Pineapple,Cheesecake,163,110,Y,176,324,C-borough,41,Pause Associates,557,164,23,35,,,,,,,,,,
79005,BBQ Sauce,Black Cherry,171,112,Z,174,318,A-town,22,Pause Associates,582,161,24,44,,,,,,,,,,
78735,Spinach,,158,113,Y,175,362,A-town,43,Go LLC,1013,158,30,42,,,,,,,,,,
79174,Bacon,Orange Sherbert,195,111,Z,177,353,A-town,65,Go LLC,1711,165,80,44,,,,,,,,,,
79138,Bacon,Strawberry,201,100,Y,184,318,C-borough,33,Pause Associates,147,152,13,59,,,,,,,,,,
78445,Oregano,Butter Pecan,183,95,Y,179,304,A-town,68,Pause Associates,1672,147,5,57,,,,,,,,,,
78936,Bacon,Coffee,180,95,Y,180,295,,52,Go LLC,3146,151,8,50,,,,,,,,,,
78673,Tomato,Cookies and Cream,203,104,Z,182,279,C-borough,22,Go LLC,2936,154,50,41,,,,,,,,,,
78336,Tomato,Red Velvet,156,108,Z,175,289,B-ville,23,Pause Associates,3323,157,10,44,,,,,,,,,,
79176,Ham,Vanilla,248,103,Z,180,301,,38,Pause Associates,696,146,11,49,,,,,,,,,,
79119,Extra cheese,Red Velvet,214,101,Z,177,334,C-borough,23,Go LLC,62,144,27,48,,,,,,,,,,
78384,Black olives,Cookies and Cream,235,95,Y,170,272,A-town,66,Pause Associates,59,151,31,62,,,,,,,,,,
78947,Ham,,191,104,Y,177,296,A-town,35,Stop Inc,1128,146,14,51,,,,,,,,,,
79262,Extra cheese,Red Velvet,178,100,Z,180,294,C-borough,52,Pause Associates,1031,148,6,33,,,,,,,,,,
78849,Tomato,Red Velvet,176,118,Y,178,293,A-town,44,Pause Associates,589,162,25,54,,,,,,,,,,
78748,Pesto,Cookies and Cream,191,112,X,176,342,C-borough,63,Pause Associates,3760,157,28,45,,,,,,,,,,
78978,Sausage,Coffee,188,107,Z,172,283,A-town,26,Go LLC,1443,152,4,44,,,,,,,,,,
78727,Extra cheese,Peach,164,96,Z,182,318,C-borough,60,Go LLC,352,150,54,45,,,,,,,,,,
78287,Spinach,Cheesecake,194,107,Y,174,347,B-ville,62,Pause Associates,559,168,16,54,,,,,,,,,,
78333,,Cheesecake,186,105,X,176,292,C-borough,37,Pause Associates,745,164,64,51,,,,,,,,,,
78896,Pineapple,Chocolate,198,96,Y,181,294,A-town,69,Go LLC,561,152,8,59,,,,,,,,,,
78999,Salami,Strawberry,198,100,Y,182,268,C-borough,62,Pause Associates,2665,153,25,49,,,,,,,,,,
79156,Ham,Black Cherry,185,112,Y,167,320,A-town,55,Pause Associates,2597,164,48,43,,,,,,,,,,
78464,,Orange Sherbert,189,102,Z,183,298,,58,Pause Associates,5785,151,14,37,,,,,,,,,,
79201,Ham,Coffee,201,100,Z,180,219,A-town,24,Go LLC,2549,151,74,44,,,,,,,,,,
78407,Ham,Vanilla,123,103,Z,180,257,A-town,45,Pause Associates,623,150,39,33,,,,,,,,,,
79051,Oregano,Red Velvet,193,99,X,176,339,C-borough,20,,951,145,29,39,,,,,,,,,,
79034,Spinach,Orange Sherbert,208,98,Y,175,263,A-town,42,Pause Associates,987,150,5,45,,,,,,,,,,
78926,Spinach,Cookies and Cream,261,101,Z,179,328,A-town,47,Go LLC,3325,152,16,56,,,,,,,,,,
78815,Pesto,Mint,213,108,Z,172,303,,22,Pause Associates,546,161,7,40,,,,,,,,,,
79195,Extra cheese,Orange Sherbert,195,107,Y,180,305,A-town,69,Go LLC,1452,150,14,50,,,,,,,,,,
78343,Extra cheese,Vanilla,255,100,Y,177,346,C-borough,49,Stop Inc,1523,147,9,51,,,,,,,,,,
79000,Spinach,Pistachio,191,108,X,183,423,A-town,23,Pause Associates,2362,164,10,63,,,,,,,,,,
78574,Green peppers,Neapolitan,177,102,Z,182,281,C-borough,22,Go LLC,73,153,41,32,,,,,,,,,,
78546,Red peppers,Red Velvet,236,105,Y,178,317,A-town,41,Go LLC,2807,160,6,32,,,,,,,,,,
78995,Pineapple,Cheesecake,221,107,X,175,297,A-town,65,Pause Associates,6332,156,1,43,,,,,,,,,,
79190,Sausage,Red Velvet,218,100,Y,182,285,C-borough,29,Pause Associates,959,146,30,51,,,,,,,,,,
79105,Sausage,Red Velvet,240,101,Y,181,259,A-town,42,,2358,145,1,46,,,,,,,,,,
78658,Bacon,Neapolitan,209,98,Z,174,230,C-borough,20,,2463,153,2,57,,,,,,,,,,
78731,Sausage,Mint,244,106,X,170,310,B-ville,44,Pause Associates,1654,157,79,38,,,,,,,,,,
79076,Extra cheese,Neapolitan,263,90,Z,172,305,A-town,54,Go LLC,3455,153,28,39,,,,,,,,,,
79170,Pineapple,Cheesecake,195,107,Y,171,278,C-borough,57,Go LLC,25,162,2,31,,,,,,,,,,
78474,Extra cheese,Mint,205,102,Y,182,303,C-borough,46,Pause Associates,825,150,19,32,,,,,,,,,,
79043,BBQ Sauce,Chocolate,137,110,X,173,361,A-town,54,Pause Associates,3528,161,25,42,,,,,,,,,,
78968,Pesto,Cookies and Cream,165,111,Y,173,286,C-borough,56,Pause Associates,742,164,4,36,,,,,,,,,,
78339,Pineapple,Pistachio,159,106,X,178,324,A-town,28,Pause Associates,4020,150,158,48,,,,,,,,,,
79171,Mushrooms,Red Velvet,205,108,Y,176,312,C-borough,22,,1310,155,5,61,,,,,,,,,,
78704,BBQ Sauce,Black Cherry,189,113,Y,179,326,B-ville,42,Pause Associates,747,160,38,60,,,,,,,,,,
78373,Pesto,Vanilla,208,98,Z,178,288,C-borough,47,,4176,148,11,51,,,,,,,,,,
79204,Ham,Orange Sherbert,204,100,Z,183,318,C-borough,43,Pause Associates,1417,146,30,42,,,,,,,,,,
78682,BBQ Sauce,Strawberry,184,100,Y,178,242,C-borough,65,Go LLC,3721,153,7,46,,,,,,,,,,
78689,Pesto,Coffee,220,118,Y,188,291,C-borough,19,Pause Associates,203,161,112,42,,,,,,,,,,
79211,Bacon,Vanilla,211,102,Z,180,319,A-town,38,Pause Associates,5959,153,9,35,,,,,,,,,,
78524,Pineapple,Red Velvet,167,104,Z,179,293,A-town,34,Go LLC,3909,149,20,67,,,,,,,,,,
78605,Garlic,Vanilla,149,110,X,181,325,C-borough,50,Pause Associates,407,158,1,47,,,,,,,,,,
79120,Sausage,,186,98,Z,175,272,A-town,31,Pause Associates,388,152,21,26,,,,,,,,,,
78988,Extra cheese,Red Velvet,197,95,Y,180,283,C-borough,61,Pause Associates,4601,150,2,48,,,,,,,,,,
78319,,Cheesecake,139,112,Y,178,284,A-town,21,Go LLC,885,161,47,44,,,,,,,,,,
78285,BBQ Sauce,Cheesecake,191,117,X,177,351,C-borough,43,Stop Inc,2829,163,1,43,,,,,,,,,,
79237,,,210,98,Z,179,292,C-borough,51,Pause Associates,418,147,56,25,,,,,,,,,,
78532,Red peppers,Orange Sherbert,205,97,Z,172,319,A-town,66,Go LLC,686,151,4,52,,,,,,,,,,
78951,Oregano,Vanilla,169,97,Z,184,281,A-town,52,Stop Inc,1483,153,33,66,,,,,,,,,,
78734,Tomato,Vanilla,196,95,Z,178,321,A-town,34,Pause Associates,1486,149,18,58,,,,,,,,,,
78985,Salami,Mint,212,95,Z,183,325,A-town,37,Pause Associates,1653,152,5,72,,,,,,,,,,
78402,Mushrooms,Cookies and Cream,239,97,Y,187,240,C-borough,60,Go LLC,2946,149,20,51,,,,,,,,,,
78414,Red peppers,Neapolitan,209,97,Y,177,284,C-borough,22,Go LLC,164,145,102,45,,,,,,,,,,
78528,Oregano,Vanilla,241,98,Z,175,309,,34,,832,146,52,51,,,,,,,,,,
79083,BBQ Sauce,Vanilla,206,92,Z,175,334,C-borough,46,Go LLC,2054,153,48,50,,,,,,,,,,
78423,Green peppers,Vanilla,193,97,Z,178,339,B-ville,35,Pause Associates,2709,147,49,47,,,,,,,,,,
78394,Oregano,Vanilla,173,92,Z,172,312,A-town,52,Pause Associates,486,155,23,58,,,,,,,,,,
78519,Pesto,Orange Sherbert,159,111,Y,178,258,,30,Pause Associates,51,150,15,65,,,,,,,,,,
78565,Pineapple,Chocolate,200,96,Z,177,235,C-borough,27,Pause Associates,935,149,16,46,,,,,,,,,,
79265,Ham,Vanilla,185,109,Y,177,306,B-ville,33,Pause Associates,1130,163,53,49,,,,,,,,,,
78591,Pesto,Neapolitan,139,106,,180,385,A-town,64,Pause Associates,1626,170,39,57,,,,,,,,,,
78488,Mushrooms,Orange Sherbert,214,99,Y,173,311,C-borough,34,Go LLC,5662,148,4,46,,,,,,,,,,
78908,Sausage,Peach,218,95,,175,247,C-borough,46,Pause Associates,1986,149,22,37,,,,,,,,,,
78350,Oregano,Cookies and Cream,252,99,Z,174,271,,52,Pause Associates,981,154,94,41,,,,,,,,,,
79199,Extra cheese,,216,99,Z,179,266,A-town,38,Pause Associates,1655,150,45,65,,,,,,,,,,
78997,Extra cheese,Chocolate,188,100,Z,180,313,C-borough,23,Go LLC,1498,146,28,50,,,,,,,,,,
78679,Ham,Red Velvet,198,98,Z,180,260,A-town,42,Pause Associates,723,152,148,64,,,,,,,,,,
78763,Ham,Orange Sherbert,225,100,Y,180,289,A-town,64,Pause Associates,724,156,47,59,,,,,,,,,,
79123,Pesto,Coffee,193,100,Y,174,310,A-town,31,Pause Associates,2175,159,16,51,,,,,,,,,,
78662,Pineapple,Vanilla,193,109,Z,182,281,B-ville,50,Pause Associates,277,165,47,44,,,,,,,,,,
78290,Black olives,Vanilla,169,109,Y,170,335,A-town,28,Pause Associates,469,154,8,46,,,,,,,,,,
78633,Pesto,Peach,168,102,Z,168,347,C-borough,65,Go LLC,1671,144,20,53,,,,,,,,,,
79191,Red peppers,Vanilla,192,101,Y,185,293,C-borough,66,Go LLC,481,156,30,47,,,,,,,,,,
78551,Pineapple,Cheesecake,215,105,Z,177,234,C-borough,45,Go LLC,266,155,3,44,,,,,,,,,,
79246,Ham,Cheesecake,182,107,Y,178,342,A-town,45,Go LLC,2137,165,70,43,,,,,,,,,,
78613,Pineapple,Pistachio,186,109,Y,183,326,C-borough,20,Go LLC,3211,160,86,52,,,,,,,,,,
78468,Spinach,,136,102,Y,177,321,C-borough,24,Pause Associates,1187,150,35,45,,,,,,,,,,
78367,Ham,Cheesecake,183,104,Y,171,290,A-town,41,Pause Associates,261,149,16,52,,,,,,,,,,
78454,Spinach,Vanilla,217,100,Z,174,297,A-town,60,Pause Associates,2873,155,10,58,,,,,,,,,,
78628,Mushrooms,Cheesecake,244,101,Z,184,288,A-town,26,Go LLC,7919,158,13,45,,,,,,,,,,
78707,BBQ Sauce,Coffee,191,109,Y,178,379,C-borough,47,,59,165,4,56,,,,,,,,,,
78349,Bacon,Butter Pecan,211,105,Z,180,366,C-borough,69,Go LLC,1393,146,16,60,,,,,,,,,,
78482,Pineapple,Strawberry,222,91,Y,175,347,A-town,22,Pause Associates,3278,147,20,50,,,,,,,,,,
78400,Pineapple,Orange Sherbert,175,100,Y,181,301,A-town,54,Go LLC,4490,149,1,51,,,,,,,,,,
78984,Tomato,,187,107,X,177,295,,60,Pause Associates,448,158,1,61,,,,,,,,,,
79070,Pineapple,Coffee,178,100,,184,298,C-borough,27,Go LLC,3772,147,28,55,,,,,,,,,,
78639,Pesto,Neapolitan,168,99,Y,178,293,C-borough,40,,1764,154,26,51,,,,,,,,,,
78752,Chicken,Orange Sherbert,174,99,Y,175,274,A-town,51,Go LLC,964,151,9,69,,,,,,,,,,
78767,,Cheesecake,170,104,Y,173,323,A-town,36,Go LLC,915,143,145,40,,,,,,,,,,
78298,Pesto,Mint,197,105,Y,177,304,C-borough,65,Go LLC,4860,147,43,51,,,,,,,,,,
78413,Spinach,,225,97,Z,184,280,A-town,35,Pause Associates,21,149,15,72,,,,,,,,,,
79257,Extra cheese,Strawberry,122,102,Z,175,263,A-town,59,Go LLC,1585,155,0,44,,,,,,,,,,
78688,Pineapple,Coffee,193,113,Y,171,312,C-borough,52,Pause Associates,1687,153,24,39,,,,,,,,,,
78358,Pineapple,Neapolitan,182,101,Z,174,292,A-town,22,Go LLC,2145,151,49,50,,,,,,,,,,
79075,Pineapple,Cheesecake,184,115,Y,176,339,A-town,57,,85,163,82,40,,,,,,,,,,
78601,BBQ Sauce,Chocolate,119,116,Y,177,331,C-borough,59,Pause Associates,31,158,19,57,,,,,,,,,,
78888,Red peppers,Coffee,204,92,Y,176,292,A-town,45,Go LLC,1588,155,15,52,,,,,,,,,,
78765,Ham,Cookies and Cream,216,98,Y,178,289,C-borough,41,Go LLC,1004,146,38,63,,,,,,,,,,
78497,BBQ Sauce,Peach,239,96,Z,178,310,A-town,25,Pause Associates,223,150,8,50,,,,,,,,,,
79021,Ham,Pistachio,261,98,Z,180,278,C-borough,63,Pause Associates,2763,145,0,46,,,,,,,,,,
79264,Extra cheese,Cookies and Cream,169,101,Y,180,259,A-town,54,Pause Associates,162,148,43,26,,,,,,,,,,
79103,Black olives,Vanilla,168,115,Z,174,281,C-borough,45,Pause Associates,1746,165,54,63,,,,,,,,,,
79081,Pineapple,Orange Sherbert,184,107,Z,173,261,C-borough,52,Pause Associates,152,161,1,46,,,,,,,,,,
78705,Pineapple,Cookies and Cream,204,110,Z,179,328,C-borough,29,Pause Associates,3460,157,84,48,,,,,,,,,,
78345,Spinach,,194,102,Y,172,372,B-ville,45,,932,147,7,46,,,,,,,,,,
78504,Sausage,Red Velvet,166,105,Y,186,274,A-town,39,Go LLC,620,147,30,51,,,,,,,,,,
